# Program:featureCounts v2.0.1; Command:"featureCounts" "-F" "SAF" "-O" "--fracOverlap" "0.2" "-p" "-T" "2" "-a" "filtered.consensus.saf" "-s" "0" "-o" "consensus_peaks.mLb.clN.featureCounts.txt" "OSMOTIC_STRESS_T0_PE_REP1.mLb.clN.sorted.bam" "OSMOTIC_STRESS_T0_PE_REP2.mLb.clN.sorted.bam" "OSMOTIC_STRESS_T100_SE_REP1.mLb.clN.sorted.bam" "OSMOTIC_STRESS_T100_SE_REP2.mLb.clN.sorted.bam" "OSMOTIC_STRESS_T150_SE_REP1.mLb.clN.sorted.bam" "OSMOTIC_STRESS_T15_PE_REP1.mLb.clN.sorted.bam" "SPT4_T0_REP1.mLb.clN.sorted.bam" "SPT4_T0_REP2.mLb.clN.sorted.bam" "SPT4_T15_REP1.mLb.clN.sorted.bam" "SPT4_T15_REP2.mLb.clN.sorted.bam" "SPT5_INPUT_REP1.mLb.clN.sorted.bam" "SPT5_INPUT_REP2.mLb.clN.sorted.bam" "SPT5_T0_REP1.mLb.clN.sorted.bam" "SPT5_T0_REP2.mLb.clN.sorted.bam" "SPT5_T15_REP1.mLb.clN.sorted.bam" "SPT5_T15_REP2.mLb.clN.sorted.bam" 
Geneid	Chr	Start	End	Strand	Length	OSMOTIC_STRESS_T0_PE_REP1.mLb.clN.sorted.bam	OSMOTIC_STRESS_T0_PE_REP2.mLb.clN.sorted.bam	OSMOTIC_STRESS_T100_SE_REP1.mLb.clN.sorted.bam	OSMOTIC_STRESS_T100_SE_REP2.mLb.clN.sorted.bam	OSMOTIC_STRESS_T150_SE_REP1.mLb.clN.sorted.bam	OSMOTIC_STRESS_T15_PE_REP1.mLb.clN.sorted.bam	SPT4_T0_REP1.mLb.clN.sorted.bam	SPT4_T0_REP2.mLb.clN.sorted.bam	SPT4_T15_REP1.mLb.clN.sorted.bam	SPT4_T15_REP2.mLb.clN.sorted.bam	SPT5_INPUT_REP1.mLb.clN.sorted.bam	SPT5_INPUT_REP2.mLb.clN.sorted.bam	SPT5_T0_REP1.mLb.clN.sorted.bam	SPT5_T0_REP2.mLb.clN.sorted.bam	SPT5_T15_REP1.mLb.clN.sorted.bam	SPT5_T15_REP2.mLb.clN.sorted.bam
Interval_1	I	0	758	+	759	77	70	71	61	50	54	79	72	26	28	15	3	79	72	26	28
Interval_3	I	20728	21192	+	465	13	6	7	4	23	30	13	6	15	15	1	3	13	6	15	15
Interval_4	I	29104	29999	+	896	16	8	14	7	17	20	16	8	7	13	4	6	16	8	7	13
Interval_5	I	31909	33587	+	1679	22	24	22	22	71	75	22	24	37	38	19	18	22	24	37	38
Interval_6	I	34294	35106	+	813	24	13	21	13	30	33	24	14	15	19	4	5	24	14	15	19
Interval_7	I	45252	45913	+	662	18	22	17	20	40	42	19	25	21	30	4	2	19	25	21	30
Interval_9	I	57699	58790	+	1092	17	11	17	11	25	30	17	12	16	15	14	13	17	12	16	15
Interval_11	I	67995	69011	+	1017	58	38	53	37	118	119	59	41	59	63	9	8	59	41	59	63
Interval_13	I	70939	73210	+	2272	65	67	65	61	56	60	69	72	32	31	32	16	69	72	32	31
Interval_22	I	138483	139806	+	1324	18	12	17	12	35	40	18	12	19	21	9	10	18	12	19	21
Interval_23	I	141452	142429	+	978	34	25	30	20	36	36	36	25	19	18	7	13	36	25	19	18
Interval_24	I	143455	143836	+	382	10	9	7	8	5	7	10	9	7	1	7	4	10	9	7	1
Interval_26	I	165808	166608	+	801	12	19	10	13	13	15	12	19	11	4	2	5	12	19	11	4
Interval_28	I	180362	181465	+	1104	32	17	29	15	29	35	34	17	19	16	7	16	34	17	19	16
Interval_30	I	189908	191458	+	1551	36	52	36	47	78	88	38	53	53	39	28	15	38	53	53	39
Interval_33	I	229417	230218	+	802	44	52	41	45	34	30	49	58	14	18	12	8	49	58	14	18
Interval_35	II	5639	6536	+	898	53	31	38	26	34	40	54	33	20	23	6	5	54	33	20	23
Interval_38	II	28401	29192	+	792	14	8	14	6	27	27	14	8	12	16	6	5	14	8	12	16
Interval_39	II	36132	36815	+	684	29	16	23	16	28	35	29	16	20	15	7	6	29	16	20	15
Interval_40	II	45005	45728	+	724	38	24	35	23	36	42	40	25	25	19	6	3	40	25	25	19
Interval_41	II	46650	47901	+	1252	18	23	15	19	28	27	18	23	18	10	16	11	18	23	18	10
Interval_43	II	60827	61164	+	338	16	13	15	13	28	29	16	14	9	20	2	0	16	14	9	20
Interval_48	II	89290	89939	+	650	29	27	27	25	29	34	29	27	17	17	13	7	29	27	17	17
Interval_49	II	100633	102010	+	1378	11	9	10	9	41	40	11	9	26	14	7	12	11	9	26	14
Interval_52	II	116486	117669	+	1184	21	16	19	14	41	48	21	16	25	23	13	11	21	16	25	23
Interval_56	II	135711	136392	+	682	38	33	33	31	72	74	38	33	30	44	3	5	38	33	30	44
Interval_57	II	140406	141263	+	858	35	27	34	26	68	73	35	27	32	41	2	6	35	27	32	41
Interval_58	II	159603	160135	+	533	20	11	18	10	42	53	20	11	27	26	2	4	20	11	27	26
Interval_59	II	164106	165704	+	1599	70	52	70	49	118	125	74	53	70	59	8	14	74	53	70	59
Interval_60	II	167919	168351	+	433	34	25	30	22	61	65	39	27	30	39	6	3	39	27	30	39
Interval_65	II	193419	194227	+	809	19	18	21	17	51	63	22	18	35	28	8	9	22	18	35	28
Interval_67	II	201750	203582	+	1833	41	36	37	34	89	95	42	36	59	39	12	22	42	36	59	39
Interval_71	II	234943	236587	+	1645	22	19	20	19	21	22	22	19	10	13	12	10	22	19	10	13
Interval_75	II	251031	251637	+	607	14	14	12	13	25	30	15	14	19	13	5	4	15	14	19	13
Interval_76	II	255177	256429	+	1253	30	20	31	17	27	28	31	20	11	17	11	8	31	20	11	17
Interval_79	II	269691	270253	+	563	3	5	2	4	32	39	3	5	30	9	8	7	3	5	30	9
Interval_93	II	332443	332819	+	377	14	9	13	10	24	25	14	9	11	14	2	1	14	9	11	14
Interval_95	II	340638	342433	+	1796	30	21	32	21	67	70	31	22	36	35	12	14	31	22	36	35
Interval_97	II	350782	351167	+	386	6	5	5	5	18	29	6	5	15	14	1	1	6	5	15	14
Interval_99	II	370815	371755	+	941	17	13	18	14	61	69	17	13	34	36	2	6	17	13	34	36
Interval_100	II	373231	374619	+	1389	16	21	16	22	39	42	16	21	27	15	10	11	16	21	27	15
Interval_101	II	375452	376745	+	1294	20	18	19	18	82	84	21	18	46	38	12	11	21	18	46	38
Interval_102	II	378619	379231	+	613	29	17	23	14	50	57	29	17	30	28	1	6	29	17	30	28
Interval_104	II	391551	392853	+	1303	29	27	29	23	76	76	29	27	43	35	18	11	29	27	43	35
Interval_107	II	407367	408997	+	1631	33	22	32	22	84	89	34	22	49	41	13	20	34	22	49	41
Interval_109	II	414588	415846	+	1259	21	20	22	18	55	61	22	20	40	24	9	6	22	20	40	24
Interval_111	II	419308	420022	+	715	8	5	7	4	70	71	8	5	34	37	6	5	8	5	34	37
Interval_112	II	426572	427433	+	862	27	13	24	12	52	63	28	13	30	35	10	8	28	13	30	35
Interval_116	II	452165	452690	+	526	11	13	11	10	30	34	14	14	21	14	3	1	14	14	21	14
Interval_120	II	466037	467193	+	1157	35	19	34	19	96	104	35	19	55	51	6	3	35	19	55	51
Interval_121	II	474104	474478	+	375	8	8	7	7	15	16	8	8	8	8	3	5	8	8	8	8
Interval_122	II	476263	477602	+	1340	31	25	30	23	79	85	31	25	36	50	11	9	31	25	36	50
Interval_126	II	490079	491124	+	1046	20	10	22	10	95	97	25	10	44	57	13	6	25	10	44	57
Interval_128	II	504422	504869	+	448	14	7	12	7	27	30	14	7	13	17	2	7	14	7	13	17
Interval_134	II	554618	556182	+	1565	51	52	49	48	90	93	52	52	46	49	8	16	52	52	46	49
Interval_135	II	560640	561692	+	1053	11	8	11	7	35	38	11	8	18	20	7	10	11	8	18	20
Interval_136	II	564841	565652	+	812	18	15	18	14	38	41	18	15	20	21	3	8	18	15	20	21
Interval_140	II	589073	589616	+	544	9	8	9	8	24	26	9	8	11	15	7	3	9	8	11	15
Interval_141	II	592751	593137	+	387	12	11	12	10	37	39	12	12	20	19	5	4	12	12	20	19
Interval_142	II	595532	596004	+	473	17	7	16	6	55	62	17	7	26	38	5	2	17	7	26	38
Interval_145	II	605449	606222	+	774	21	16	22	12	49	50	22	16	31	19	5	5	22	16	31	19
Interval_146	II	613041	615767	+	2727	43	36	42	35	96	110	44	36	60	51	34	26	44	36	60	51
Interval_147	II	624766	625658	+	893	28	27	26	24	52	59	28	28	22	37	6	1	28	28	22	37
Interval_148	II	628471	628879	+	409	12	11	12	12	46	50	12	11	22	30	2	1	12	11	22	30
Interval_150	II	642514	643303	+	790	16	8	14	8	35	36	16	8	21	16	11	3	16	8	21	16
Interval_153	II	661942	663160	+	1219	16	11	13	11	43	48	16	12	23	26	11	4	16	12	23	26
Interval_154	II	668101	668984	+	884	18	13	18	13	26	26	19	13	15	12	9	7	19	13	15	12
Interval_155	II	679934	681183	+	1250	25	29	24	27	58	62	25	29	32	30	4	9	25	29	32	30
Interval_157	II	697149	698008	+	860	22	22	20	20	37	39	22	22	20	19	6	12	22	22	20	19
Interval_168	II	760791	761247	+	457	15	9	13	10	10	13	15	9	4	9	2	6	15	9	4	9
Interval_169	II	770579	771168	+	590	9	13	8	12	38	42	10	13	20	23	7	7	10	13	20	23
Interval_172	II	798740	799285	+	546	17	13	18	11	19	21	17	13	9	12	6	6	17	13	9	12
Interval_174	III	56	1046	+	991	52	54	36	51	46	60	55	89	39	24	42	24	55	89	39	24
Interval_177	III	24115	24720	+	606	12	11	11	8	21	21	12	11	13	8	8	8	12	11	13	8
Interval_179	III	30500	31372	+	873	14	10	13	10	12	12	14	11	9	3	1	4	14	11	9	3
Interval_182	III	50330	51246	+	917	23	25	22	26	60	67	24	25	37	32	13	6	24	25	37	32
Interval_183	III	51929	52680	+	752	4	4	4	3	28	34	4	4	19	15	5	6	4	4	19	15
Interval_186	III	68408	68815	+	408	25	20	21	20	15	17	25	20	10	7	5	5	25	20	10	7
Interval_187	III	77645	79035	+	1391	38	28	38	26	100	99	38	29	57	44	7	16	38	29	57	44
Interval_194	III	122532	124151	+	1620	64	56	57	54	97	107	64	56	50	58	22	11	64	56	50	58
Interval_195	III	124844	125484	+	641	13	15	10	14	9	10	13	15	7	4	4	3	13	15	7	4
Interval_196	III	127408	127933	+	526	12	17	11	16	17	18	13	17	7	12	3	4	13	17	7	12
Interval_199	III	137081	137913	+	833	44	35	37	34	68	79	44	35	41	38	6	4	44	35	41	38
Interval_203	III	163262	164418	+	1157	35	30	34	29	51	57	35	30	28	29	3	7	35	30	28	29
Interval_207	III	177635	179362	+	1728	38	29	34	29	41	43	39	31	18	25	12	16	39	31	18	25
Interval_210	III	211334	212156	+	823	7	7	8	8	33	34	8	7	20	16	8	5	8	7	20	16
Interval_214	III	224317	225552	+	1236	18	16	15	15	29	31	18	16	12	20	8	10	18	16	12	20
Interval_215	III	227835	229085	+	1251	44	25	47	25	58	65	46	26	25	40	16	9	46	26	25	40
Interval_216	III	236277	237113	+	837	17	19	18	17	30	35	20	19	19	19	5	9	20	19	19	19
Interval_219	III	246655	247052	+	398	12	8	11	7	19	24	12	9	14	10	5	2	12	9	14	10
Interval_223	III	295416	295966	+	551	9	14	8	12	18	19	9	14	11	8	3	5	9	14	11	8
Interval_226	III	315713	316569	+	857	49	53	30	39	37	49	49	56	29	22	14	12	49	56	29	22
Interval_227	IV	0	812	+	813	26	27	12	18	16	24	30	36	16	14	7	6	30	36	16	14
Interval_228	IV	19941	20466	+	526	19	10	18	10	18	19	19	10	15	4	7	3	19	10	15	4
Interval_230	IV	42383	43399	+	1017	18	7	13	6	17	19	18	7	13	7	10	1	18	7	13	7
Interval_238	IV	61368	62929	+	1562	13	7	12	7	112	126	13	7	75	52	16	15	13	7	75	52
Interval_241	IV	76753	77438	+	686	11	7	10	7	56	59	11	7	30	30	3	4	11	7	30	30
Interval_251	IV	130263	130901	+	639	15	15	16	17	33	37	16	16	17	20	9	7	16	16	17	20
Interval_252	IV	132014	133356	+	1343	26	17	21	16	63	62	27	17	35	30	9	14	27	17	35	30
Interval_264	IV	215636	216136	+	501	22	19	18	17	18	21	22	20	10	11	9	8	22	20	10	11
Interval_265	IV	217178	217571	+	394	13	13	11	11	36	39	13	13	16	23	3	5	13	13	16	23
Interval_266	IV	221398	222624	+	1227	15	18	14	18	35	36	15	18	17	19	10	11	15	18	17	19
Interval_267	IV	226941	227361	+	421	12	7	11	6	25	29	12	7	16	13	7	6	12	7	16	13
Interval_270	IV	234157	234816	+	660	22	12	18	12	47	46	22	12	23	26	5	4	22	12	23	26
Interval_271	IV	239598	240197	+	600	16	12	15	10	50	57	16	12	23	34	1	5	16	12	23	34
Interval_272	IV	241413	242232	+	820	9	3	9	2	27	32	9	3	16	16	7	6	9	3	16	16
Interval_273	IV	245466	245985	+	520	5	5	4	5	17	21	5	5	11	11	4	4	5	5	11	11
Interval_279	IV	301133	303247	+	2115	22	9	21	9	52	53	22	9	25	28	13	18	22	9	25	28
Interval_281	IV	307834	308593	+	760	36	34	32	33	52	59	36	34	25	34	7	5	36	34	25	34
Interval_284	IV	321561	322212	+	652	31	21	26	21	54	58	31	22	35	23	1	8	31	22	35	23
Interval_285	IV	330234	331052	+	819	22	18	18	16	48	54	22	18	30	25	10	7	22	18	30	25
Interval_287	IV	341106	341587	+	482	10	12	11	11	19	23	10	12	12	11	3	5	10	12	12	11
Interval_288	IV	356944	358276	+	1333	31	34	31	36	59	59	32	35	26	34	10	10	32	35	26	34
Interval_291	IV	366141	367250	+	1110	18	16	19	14	35	39	18	16	20	19	8	9	18	16	20	19
Interval_292	IV	368592	369730	+	1139	36	28	34	27	66	69	39	29	40	32	6	4	39	29	40	32
Interval_294	IV	385822	387105	+	1284	21	27	22	26	35	38	21	27	17	22	7	12	21	27	17	22
Interval_297	IV	407438	407878	+	441	8	5	7	3	24	29	8	5	15	16	5	2	8	5	15	16
Interval_298	IV	410308	413490	+	3183	83	57	76	56	283	302	87	58	153	155	36	27	87	58	153	155
Interval_308	IV	464992	465826	+	835	30	21	26	20	66	69	31	21	39	31	4	3	31	21	39	31
Interval_311	IV	485230	485893	+	664	13	3	12	3	15	16	13	3	10	6	6	3	13	3	10	6
Interval_312	IV	488427	489419	+	993	15	15	13	14	22	25	15	15	14	11	3	13	15	15	14	11
Interval_313	IV	491026	491495	+	470	14	5	14	4	41	46	14	5	26	20	4	5	14	5	26	20
Interval_314	IV	501091	501733	+	643	7	9	6	8	12	13	7	9	8	5	2	7	7	9	8	5
Interval_317	IV	507138	508227	+	1090	12	20	12	19	26	28	12	20	16	12	8	8	12	20	16	12
Interval_322	IV	524744	525303	+	560	15	8	14	9	20	24	15	8	11	14	3	5	15	8	11	14
Interval_323	IV	538771	539685	+	915	34	19	33	18	115	122	34	19	68	55	12	12	34	19	68	55
Interval_324	IV	541460	542514	+	1055	26	8	26	9	43	40	30	9	18	24	12	8	30	9	18	24
Interval_327	IV	550691	551613	+	923	41	26	36	25	103	110	41	26	62	49	13	11	41	26	62	49
Interval_329	IV	556530	557112	+	583	17	22	18	20	48	47	18	22	21	27	7	3	18	22	21	27
Interval_330	IV	562637	563133	+	497	8	11	7	8	20	19	8	11	6	13	1	4	8	11	6	13
Interval_336	IV	591544	592500	+	957	39	36	33	35	81	93	39	38	46	50	8	2	39	38	46	50
Interval_337	IV	593226	594078	+	853	9	3	7	3	80	85	9	3	45	43	10	9	9	3	45	43
Interval_339	IV	595958	596923	+	966	1	1	1	1	36	41	1	1	18	24	5	9	1	1	18	24
Interval_340	IV	599333	601726	+	2394	51	51	52	49	146	155	51	51	73	83	30	17	51	51	73	83
Interval_346	IV	635639	636833	+	1195	9	11	10	10	98	106	9	12	65	41	15	10	9	12	65	41
Interval_356	IV	699533	699921	+	389	11	8	10	8	15	16	11	8	7	9	6	3	11	8	7	9
Interval_358	IV	721600	722946	+	1347	34	19	32	17	91	99	35	19	57	42	10	7	35	19	57	42
Interval_362	IV	768191	770172	+	1982	43	30	42	26	90	93	43	30	44	51	18	14	43	30	44	51
Interval_364	IV	806068	806740	+	673	3	7	4	6	42	42	4	7	25	22	6	7	4	7	25	22
Interval_366	IV	811563	812123	+	561	26	12	24	11	31	35	26	13	17	18	4	4	26	13	17	18
Interval_370	IV	835664	836621	+	958	36	20	31	21	54	58	36	21	22	36	10	10	36	21	22	36
Interval_372	IV	866662	868053	+	1392	18	15	18	14	67	72	18	16	39	34	19	16	18	16	39	34
Interval_374	IV	884424	884712	+	289	9	10	8	10	8	9	10	10	8	3	3	2	10	10	8	3
Interval_377	IV	893604	894464	+	861	14	9	13	9	64	67	14	9	38	29	7	7	14	9	38	29
Interval_380	IV	909177	910144	+	968	20	13	19	12	35	36	20	15	19	21	10	7	20	15	19	21
Interval_381	IV	914503	916375	+	1873	32	18	32	18	43	45	33	18	22	24	12	11	33	18	22	24
Interval_384	IV	930388	931237	+	850	25	22	22	21	52	54	25	22	24	31	1	6	25	22	24	31
Interval_387	IV	954157	955922	+	1766	14	3	15	3	85	89	14	3	38	52	14	13	14	3	38	52
Interval_391	IV	976220	977399	+	1180	29	29	29	26	71	73	29	29	40	33	9	12	29	29	40	33
Interval_392	IV	992762	993283	+	522	14	9	15	9	21	22	14	9	13	9	4	3	14	9	13	9
Interval_396	IV	1011292	1012157	+	866	32	28	29	26	56	57	32	28	33	26	12	11	32	28	33	26
Interval_397	IV	1013757	1014145	+	389	24	9	23	8	40	39	24	9	20	19	4	2	24	9	20	19
Interval_398	IV	1015974	1016498	+	525	7	6	8	6	38	38	7	6	18	24	3	7	7	6	18	24
Interval_401	IV	1031594	1032270	+	677	9	6	8	5	28	30	9	6	14	16	6	3	9	6	14	16
Interval_404	IV	1055756	1056394	+	639	20	10	20	9	29	32	20	10	19	13	6	5	20	10	19	13
Interval_410	IV	1080324	1081041	+	718	19	19	17	17	44	43	19	19	25	18	1	1	19	19	25	18
Interval_412	IV	1086893	1087520	+	628	6	2	5	2	23	27	6	2	11	16	5	3	6	2	11	16
Interval_422	IV	1150612	1151043	+	432	8	9	8	5	13	13	10	9	9	4	4	6	10	9	9	4
Interval_424	IV	1161647	1162222	+	576	12	5	12	5	42	44	12	5	25	19	2	1	12	5	25	19
Interval_425	IV	1164729	1165720	+	992	43	30	39	29	65	70	43	31	40	31	5	8	43	31	40	31
Interval_431	IV	1182811	1183679	+	869	11	6	10	5	24	28	11	6	14	14	5	6	11	6	14	14
Interval_432	IV	1189231	1189950	+	720	4	6	4	5	26	27	4	6	13	14	4	5	4	6	13	14
Interval_433	IV	1194937	1195420	+	484	14	5	13	3	33	38	14	5	16	22	2	10	14	5	16	22
Interval_440	IV	1233642	1234055	+	414	7	3	7	2	32	34	8	3	18	17	4	1	8	3	18	17
Interval_443	IV	1241706	1243133	+	1428	46	31	45	34	103	106	47	31	52	57	10	4	47	31	52	57
Interval_444	IV	1251409	1252084	+	676	19	10	17	11	30	35	19	10	15	20	8	4	19	10	15	20
Interval_448	IV	1266432	1267419	+	988	17	14	15	13	34	40	17	14	18	22	7	8	17	14	18	22
Interval_450	IV	1278309	1280200	+	1892	34	20	32	20	98	104	35	20	59	46	15	17	35	20	59	46
Interval_452	IV	1288983	1289548	+	566	8	3	6	3	27	30	8	3	17	13	8	4	8	3	17	13
Interval_455	IV	1300784	1301721	+	938	32	20	30	16	43	46	32	20	32	15	8	14	32	20	32	15
Interval_460	IV	1333122	1334493	+	1372	6	5	6	4	33	35	6	5	19	16	5	10	6	5	19	16
Interval_462	IV	1345256	1346065	+	810	14	7	14	7	49	52	14	7	27	25	5	9	14	7	27	25
Interval_464	IV	1355567	1355998	+	432	27	16	24	14	31	33	27	16	12	21	4	2	27	16	12	21
Interval_465	IV	1358982	1359901	+	920	31	23	29	23	35	40	31	23	21	20	4	9	31	23	21	20
Interval_466	IV	1361827	1362740	+	914	13	12	9	11	50	54	13	12	26	29	8	3	13	12	26	29
Interval_468	IV	1384748	1386933	+	2186	29	16	29	16	47	51	29	16	25	27	21	13	29	16	25	27
Interval_470	IV	1401274	1401828	+	555	24	21	23	21	33	39	24	21	15	25	4	3	24	21	15	25
Interval_472	IV	1409993	1412036	+	2044	30	16	29	18	54	56	30	16	34	22	25	14	30	16	34	22
Interval_474	IV	1419857	1421021	+	1165	15	11	15	10	32	33	15	11	13	20	18	11	15	11	13	20
Interval_475	IV	1428999	1430504	+	1506	39	19	37	16	80	92	39	19	49	44	14	8	39	19	49	44
Interval_476	IV	1434142	1434893	+	752	16	4	15	4	28	31	16	4	15	16	4	6	16	4	15	16
Interval_478	IV	1450822	1451211	+	390	13	9	14	8	21	20	14	9	11	11	4	6	14	9	11	11
Interval_479	IV	1454543	1455040	+	498	10	11	10	9	15	16	10	11	7	9	5	6	10	11	7	9
Interval_480	IV	1459389	1460208	+	820	17	7	16	7	33	39	17	7	15	24	6	6	17	7	15	24
Interval_481	IV	1461315	1461951	+	637	15	10	11	9	19	26	15	10	12	14	2	6	15	10	12	14
Interval_482	IV	1468576	1470971	+	2396	75	43	70	44	92	104	76	43	60	46	16	17	76	43	60	46
Interval_485	IV	1489641	1491310	+	1670	76	74	69	66	91	105	76	74	54	52	11	13	76	74	54	52
Interval_486	IV	1493091	1494247	+	1157	25	25	24	25	37	41	26	25	15	26	4	8	26	25	15	26
Interval_489	IV	1506804	1507893	+	1090	20	13	18	13	128	139	20	13	84	56	12	5	20	13	84	56
Interval_491	IV	1524712	1525639	+	928	77	63	60	55	52	57	82	79	29	32	10	9	82	79	29	32
Interval_493	IX	21696	22210	+	515	13	10	10	10	8	10	13	11	4	6	0	2	13	11	4	6
Interval_496	IX	68226	69527	+	1302	44	23	43	21	60	66	46	24	26	40	10	12	46	24	26	40
Interval_498	IX	77309	77965	+	657	5	5	3	5	22	29	6	5	17	12	2	7	6	5	17	12
Interval_500	IX	84752	85247	+	496	5	5	5	5	19	18	5	5	7	11	2	5	5	5	7	11
Interval_503	IX	99466	99935	+	470	34	30	30	29	64	70	34	30	40	30	8	7	34	30	40	30
Interval_510	IX	131846	132310	+	465	10	8	10	8	25	29	10	8	15	15	6	2	10	8	15	15
Interval_511	IX	138226	139732	+	1507	53	50	51	46	124	131	55	52	65	71	4	9	55	52	65	71
Interval_512	IX	141911	143053	+	1143	14	13	13	11	24	26	14	13	11	15	6	7	14	13	11	15
Interval_515	IX	165973	166489	+	517	8	20	8	20	17	19	8	20	10	9	3	2	8	20	10	9
Interval_516	IX	169659	170233	+	575	5	5	5	5	36	47	5	5	24	24	4	1	5	5	24	24
Interval_517	IX	173394	174148	+	755	3	5	3	5	24	28	3	5	12	16	5	2	3	5	12	16
Interval_518	IX	174931	175617	+	687	17	10	13	9	23	28	17	10	16	12	9	5	17	10	16	12
Interval_519	IX	177264	178138	+	875	18	17	16	17	68	72	18	17	41	31	8	9	18	17	41	31
Interval_521	IX	197516	198444	+	929	14	8	12	7	31	38	14	8	21	17	9	8	14	8	21	17
Interval_523	IX	210582	210873	+	292	9	8	9	7	13	17	9	8	12	5	4	1	9	8	12	5
Interval_524	IX	214967	216622	+	1656	11	19	11	18	26	25	12	19	15	10	12	13	12	19	15	10
Interval_527	IX	232375	232934	+	560	28	36	25	34	54	61	28	36	33	28	5	4	28	36	33	28
Interval_530	IX	248693	249897	+	1205	77	52	72	48	108	115	77	52	61	57	5	6	77	52	61	57
Interval_531	IX	254131	255618	+	1488	68	60	64	56	125	135	68	61	74	61	15	11	68	61	74	61
Interval_532	IX	257188	258812	+	1625	58	38	55	38	83	95	60	38	47	49	3	17	60	38	47	49
Interval_533	IX	267800	268986	+	1187	32	23	33	22	62	64	32	23	36	30	11	14	32	23	36	30
Interval_542	IX	316309	316688	+	380	22	17	20	15	37	40	22	17	21	19	3	7	22	17	21	19
Interval_543	IX	321229	322446	+	1218	14	10	14	8	23	27	15	10	8	19	13	9	15	10	8	19
Interval_545	IX	332626	333605	+	980	36	35	31	29	99	110	36	35	57	55	11	8	36	35	57	55
Interval_547	IX	338270	339297	+	1028	16	29	14	29	15	16	16	32	5	11	13	7	16	32	5	11
Interval_553	IX	381778	382674	+	897	21	22	19	23	51	62	21	25	35	31	10	12	21	25	35	31
Interval_554	IX	383794	384731	+	938	22	25	21	24	45	47	22	28	29	22	7	3	22	28	29	22
Interval_555	IX	386090	387046	+	957	32	19	29	19	61	64	32	20	39	25	10	6	32	20	39	25
Interval_556	IX	388329	389333	+	1005	13	24	13	24	37	42	13	24	25	17	5	8	13	24	25	17
Interval_563	IX	438914	439888	+	975	78	83	61	75	72	78	79	83	34	44	11	2	79	83	34	44
Interval_565	MT	13931	16652	+	2722	0	0	0	0	0	0	107	117	20	22	49	43	107	117	20	22
Interval_566	MT	18041	21414	+	3374	0	0	0	0	0	0	100	82	23	21	25	37	100	82	23	21
Interval_568	MT	28721	29024	+	304	0	0	0	0	0	0	10	14	2	5	2	4	10	14	2	5
Interval_569	MT	36598	36986	+	389	0	0	0	0	0	0	17	22	3	3	0	4	17	22	3	3
Interval_570	MT	40839	41910	+	1072	0	0	0	0	0	0	20	22	6	11	4	7	20	22	6	11
Interval_571	MT	43110	43612	+	503	0	0	0	0	0	0	17	14	6	5	2	3	17	14	6	5
Interval_573	MT	59632	62582	+	2951	0	0	0	0	0	0	86	90	23	15	60	53	86	90	23	15
Interval_575	MT	73714	74469	+	756	0	0	0	0	0	0	30	37	6	9	10	13	30	37	6	9
Interval_577	MT	79258	79960	+	703	0	0	0	0	0	0	51	56	12	19	27	25	51	56	12	19
Interval_579	V	6122	6855	+	734	39	21	30	19	29	31	39	21	17	15	10	5	39	21	17	15
Interval_582	V	15737	16454	+	718	8	11	8	8	25	24	9	11	9	17	6	9	9	11	9	17
Interval_587	V	42010	42775	+	766	19	22	19	20	55	64	19	22	30	35	5	7	19	22	30	35
Interval_590	V	53171	53977	+	807	36	40	33	35	55	60	37	40	37	23	8	7	37	40	37	23
Interval_593	V	68210	70353	+	2144	91	88	87	73	124	126	92	91	64	63	23	25	92	91	64	63
Interval_594	V	77469	77799	+	331	9	9	7	7	11	10	9	9	7	3	3	2	9	9	7	3
Interval_596	V	79982	80463	+	482	6	5	6	4	33	38	6	5	22	16	6	5	6	5	22	16
Interval_598	V	84782	86739	+	1958	98	65	82	58	113	126	99	67	66	64	15	11	99	67	66	64
Interval_599	V	99357	100512	+	1156	22	15	21	13	23	27	22	15	18	10	6	4	22	15	18	10
Interval_601	V	117435	118241	+	807	38	33	35	28	103	113	40	34	63	52	5	11	40	34	63	52
Interval_602	V	123064	123821	+	758	39	24	33	24	69	78	39	25	34	44	5	6	39	25	34	44
Interval_606	V	135286	135578	+	293	5	3	4	2	19	21	5	3	13	9	5	6	5	3	13	9
Interval_607	V	140457	141783	+	1327	75	86	73	77	106	113	77	87	49	64	9	9	77	87	49	64
Interval_610	V	152424	153452	+	1029	20	26	19	23	34	42	20	28	26	16	10	11	20	28	26	16
Interval_615	V	174339	175097	+	759	17	8	16	7	46	54	17	8	26	28	3	6	17	8	26	28
Interval_617	V	191861	192746	+	886	35	24	33	23	76	90	36	25	48	42	7	8	36	25	48	42
Interval_618	V	194660	195368	+	709	14	9	14	9	32	37	17	9	16	23	7	5	17	9	16	23
Interval_621	V	211723	212846	+	1124	15	12	16	12	47	48	15	12	14	35	4	8	15	12	14	35
Interval_622	V	221370	222782	+	1413	39	24	38	24	94	101	40	24	55	47	14	9	40	24	55	47
Interval_623	V	225292	225727	+	436	15	8	12	7	26	24	16	8	15	11	0	5	16	8	15	11
Interval_626	V	241942	243057	+	1116	32	27	30	27	51	54	32	27	23	31	15	15	32	27	23	31
Interval_629	V	261205	261862	+	658	8	7	8	6	47	56	8	8	30	34	5	6	8	8	30	34
Interval_630	V	264150	264619	+	470	2	2	1	2	32	35	2	2	19	18	5	4	2	2	19	18
Interval_631	V	265960	266702	+	743	18	18	16	17	18	20	18	18	8	13	8	6	18	18	8	13
Interval_632	V	268310	269154	+	845	27	26	27	26	48	48	28	29	20	31	4	9	28	29	20	31
Interval_633	V	270211	270589	+	379	15	21	14	21	27	26	16	24	15	12	3	2	16	24	15	12
Interval_635	V	278995	279592	+	598	3	0	3	0	30	35	3	0	22	13	1	7	3	0	22	13
Interval_636	V	280363	281565	+	1203	38	19	38	19	98	113	38	20	58	56	9	10	38	20	58	56
Interval_637	V	284431	285072	+	642	45	28	44	28	78	82	46	29	42	41	3	5	46	29	42	41
Interval_640	V	294997	295734	+	738	14	8	12	8	32	37	15	8	18	21	4	10	15	8	18	21
Interval_642	V	302511	303871	+	1361	28	35	28	33	74	79	28	37	45	35	11	11	28	37	45	35
Interval_643	V	305028	306313	+	1286	30	10	28	9	45	47	31	10	26	22	8	10	31	10	26	22
Interval_644	V	311097	312209	+	1113	25	22	27	22	76	85	25	22	43	43	19	12	25	22	43	43
Interval_649	V	335133	336484	+	1352	36	32	31	32	117	123	37	33	69	60	13	13	37	33	69	60
Interval_650	V	342434	343523	+	1090	27	26	27	25	73	79	29	26	42	37	5	16	29	26	42	37
Interval_651	V	349119	350027	+	909	16	14	14	13	58	64	16	14	33	31	5	8	16	14	33	31
Interval_652	V	353798	355915	+	2118	30	40	26	29	78	85	30	40	43	45	15	18	30	40	43	45
Interval_653	V	361909	362730	+	822	16	22	16	18	38	40	16	22	17	24	14	6	16	22	17	24
Interval_656	V	396256	396737	+	482	32	33	27	27	54	59	32	34	29	31	6	5	32	34	29	31
Interval_659	V	408803	409612	+	810	9	13	10	12	11	11	12	13	3	8	6	3	12	13	3	8
Interval_662	V	422043	423614	+	1572	28	35	29	32	60	67	28	35	35	33	8	7	28	35	35	33
Interval_664	V	430870	431420	+	551	18	16	14	14	23	30	19	16	10	20	4	6	19	16	10	20
Interval_666	V	435459	436224	+	766	29	15	27	12	23	25	29	15	12	13	1	4	29	15	12	13
Interval_667	V	438717	439614	+	898	36	16	35	15	36	39	37	16	17	22	7	7	37	16	17	22
Interval_668	V	441760	443258	+	1499	82	62	72	60	98	114	83	63	64	50	12	12	83	63	64	50
Interval_669	V	461535	463520	+	1986	43	36	43	33	95	102	44	38	58	44	18	21	44	38	58	44
Interval_670	V	467585	468227	+	643	16	13	14	11	57	58	16	13	29	30	3	3	16	13	29	30
Interval_673	V	473743	475879	+	2137	34	15	33	14	62	63	35	15	36	28	32	17	35	15	36	28
Interval_674	V	482907	483865	+	959	21	11	19	10	19	19	21	11	10	9	11	10	21	11	10	9
Interval_676	V	490848	491573	+	726	39	39	37	33	49	55	39	40	30	25	9	8	39	40	30	25
Interval_680	V	522715	523123	+	409	8	7	9	7	22	24	9	7	10	15	2	3	9	7	10	15
Interval_683	V	544480	545577	+	1098	24	16	26	18	59	53	28	17	35	26	7	11	28	17	35	26
Interval_684	V	546596	547390	+	795	11	7	8	7	36	37	11	7	18	19	6	7	11	7	18	19
Interval_687	V	558629	559376	+	748	8	11	8	10	28	29	8	11	13	16	6	10	8	11	13	16
Interval_690	V	569285	570714	+	1430	79	67	63	46	100	121	80	67	55	67	14	12	80	67	55	67
Interval_691	VI	4240	5557	+	1318	79	83	65	68	66	71	94	103	44	42	25	10	94	103	44	42
Interval_694	VI	27755	28203	+	449	10	1	10	1	14	20	10	1	11	10	2	2	10	1	11	10
Interval_698	VI	54449	56778	+	2330	37	30	33	29	55	56	37	30	23	35	22	16	37	30	23	35
Interval_700	VI	74702	75103	+	402	15	7	14	7	32	33	15	7	13	20	2	6	15	7	13	20
Interval_702	VI	81937	82504	+	568	19	14	18	12	33	36	19	14	22	14	8	2	19	14	22	14
Interval_703	VI	90272	91005	+	734	33	21	28	18	47	50	33	21	28	22	6	4	33	21	28	22
Interval_704	VI	95147	96018	+	872	52	34	50	30	68	69	53	34	38	32	10	3	53	34	38	32
Interval_707	VI	106239	107738	+	1500	29	22	27	20	143	158	32	22	69	94	7	14	32	22	69	94
Interval_715	VI	176558	177141	+	584	8	3	8	4	45	57	8	3	33	24	8	7	8	3	33	24
Interval_716	VI	182254	184390	+	2137	60	57	54	50	116	126	60	57	69	57	33	24	60	57	69	57
Interval_718	VI	204689	205219	+	531	14	8	14	7	16	21	15	8	12	9	1	5	15	8	12	9
Interval_723	VI	221366	223045	+	1680	52	58	46	47	65	71	52	59	35	36	16	12	52	59	35	36
Interval_724	VI	223845	227013	+	3169	150	140	137	131	207	226	153	142	135	101	36	27	153	142	135	101
Interval_728	VI	251552	252347	+	796	17	6	16	4	19	21	17	6	11	10	8	6	17	6	11	10
Interval_729	VI	255308	256489	+	1182	23	6	22	5	80	96	23	6	56	40	7	5	23	6	56	40
Interval_730	VI	263131	263899	+	769	12	15	11	14	21	23	12	15	12	11	2	6	12	15	12	11
Interval_731	VI	269900	270161	+	262	10	8	10	13	5	9	10	9	5	5	1	3	10	9	5	5
Interval_732	VII	0	672	+	673	50	43	30	35	36	49	54	53	30	21	5	5	54	53	30	21
Interval_735	VII	23111	23805	+	695	31	23	30	20	62	71	31	23	41	31	5	2	31	23	41	31
Interval_741	VII	55536	56506	+	971	15	12	16	9	27	25	16	12	15	17	10	19	16	12	15	17
Interval_742	VII	66778	67681	+	904	19	11	19	9	40	41	20	11	20	21	9	12	20	11	20	21
Interval_743	VII	73310	74769	+	1460	42	20	40	20	25	26	42	20	14	12	15	11	42	20	14	12
Interval_747	VII	94794	95711	+	918	10	10	11	9	56	58	10	11	30	29	11	11	10	11	30	29
Interval_748	VII	110206	110973	+	768	18	14	15	12	24	25	19	14	10	15	5	7	19	14	10	15
Interval_749	VII	115023	115866	+	844	16	12	14	11	20	24	16	12	11	13	5	8	16	12	11	13
Interval_750	VII	121882	122592	+	711	23	14	21	12	29	33	23	14	16	17	5	7	23	14	16	17
Interval_755	VII	148991	149424	+	434	28	18	26	17	41	45	29	18	25	20	2	2	29	18	25	20
Interval_760	VII	165016	166722	+	1707	30	24	29	26	94	104	30	26	50	60	17	19	30	26	50	60
Interval_763	VII	197003	198063	+	1061	33	18	33	16	69	73	34	18	40	35	10	8	34	18	40	35
Interval_765	VII	205320	206802	+	1483	34	15	31	14	57	58	34	15	32	26	6	11	34	15	32	26
Interval_767	VII	228361	228741	+	381	15	9	14	9	16	17	16	9	8	9	1	3	16	9	8	9
Interval_770	VII	270971	272921	+	1951	94	71	82	65	201	226	96	72	135	95	20	14	96	72	135	95
Interval_771	VII	276802	277551	+	750	19	20	17	17	41	44	19	20	20	25	7	7	19	20	20	25
Interval_782	VII	323530	325070	+	1541	18	16	18	15	58	59	18	16	31	28	17	4	18	16	31	28
Interval_784	VII	345720	347112	+	1393	12	17	12	15	36	39	12	17	22	17	10	14	12	17	22	17
Interval_789	VII	370764	371720	+	957	26	30	23	30	47	49	26	30	24	25	9	12	26	30	24	25
Interval_790	VII	383351	385778	+	2428	52	33	49	30	158	173	52	34	101	74	18	19	52	34	101	74
Interval_792	VII	397744	399692	+	1949	70	54	62	52	82	82	71	55	40	45	13	19	71	55	40	45
Interval_797	VII	412149	413928	+	1780	42	31	40	29	80	91	43	31	47	44	13	10	43	31	47	44
Interval_799	VII	422280	423712	+	1433	31	15	26	12	32	41	31	15	22	20	5	8	31	15	22	20
Interval_800	VII	428047	428505	+	459	12	11	12	11	45	49	13	11	23	28	1	9	13	11	23	28
Interval_801	VII	432741	434054	+	1314	29	20	28	18	65	72	29	20	36	38	9	11	29	20	36	38
Interval_802	VII	438240	438902	+	663	20	20	23	17	43	47	24	22	19	29	12	9	24	22	19	29
Interval_807	VII	471964	472938	+	975	11	3	12	3	42	47	12	3	27	20	9	8	12	3	27	20
Interval_809	VII	479936	481950	+	2015	24	48	24	43	31	30	24	48	20	10	20	23	24	48	20	10
Interval_810	VII	482764	484510	+	1747	49	76	47	74	84	91	53	80	49	45	9	5	53	80	49	45
Interval_813	VII	515921	516716	+	796	18	10	18	10	41	46	18	10	23	23	6	6	18	10	23	23
Interval_814	VII	525501	525898	+	398	8	7	5	7	36	39	8	7	22	17	5	2	8	7	22	17
Interval_815	VII	528373	528987	+	615	17	10	17	10	49	50	17	10	28	22	3	7	17	10	28	22
Interval_821	VII	547085	547767	+	683	26	15	23	12	64	72	26	15	40	33	16	9	26	15	40	33
Interval_822	VII	555148	555730	+	583	18	18	15	15	20	20	18	18	7	14	5	9	18	18	7	14
Interval_824	VII	560007	560471	+	465	12	5	11	4	27	30	12	5	14	16	5	3	12	5	14	16
Interval_826	VII	576463	577004	+	542	18	11	18	12	30	30	18	12	14	18	5	4	18	12	14	18
Interval_828	VII	583868	584678	+	811	12	7	11	8	31	35	12	7	21	14	7	8	12	7	21	14
Interval_829	VII	591599	593298	+	1700	53	31	51	30	190	206	53	31	106	101	15	20	53	31	106	101
Interval_831	VII	598831	599324	+	494	16	9	15	9	58	68	16	10	33	36	3	7	16	10	33	36
Interval_832	VII	609226	610524	+	1299	48	31	44	33	107	116	51	33	66	52	9	8	51	33	66	52
Interval_834	VII	625147	626334	+	1188	28	8	22	7	75	88	28	8	66	22	10	10	28	8	66	22
Interval_838	VII	650656	651531	+	876	32	14	32	14	65	73	33	17	39	35	6	10	33	17	39	35
Interval_839	VII	653902	655024	+	1123	13	10	13	7	85	88	13	10	54	35	8	16	13	10	54	35
Interval_840	VII	661677	662088	+	412	13	13	13	11	24	29	13	13	18	11	6	4	13	13	18	11
Interval_843	VII	677385	678563	+	1179	16	8	16	8	57	59	18	10	31	32	10	5	18	10	31	32
Interval_844	VII	699901	701036	+	1136	20	9	18	8	34	37	21	11	15	23	6	10	21	11	15	23
Interval_845	VII	702691	703225	+	535	15	13	15	13	39	41	15	13	22	20	4	6	15	13	22	20
Interval_848	VII	726482	726967	+	486	26	22	24	21	42	46	26	22	29	19	4	4	26	22	29	19
Interval_849	VII	732659	734088	+	1430	19	19	19	19	68	73	19	20	39	36	9	6	19	20	39	36
Interval_850	VII	739030	739851	+	822	40	15	36	13	52	59	41	15	24	35	5	7	41	15	24	35
Interval_851	VII	753835	754445	+	611	8	5	8	5	37	39	8	5	22	17	7	3	8	5	22	17
Interval_852	VII	756438	757660	+	1223	12	6	12	6	44	46	12	7	25	21	10	3	12	7	25	21
Interval_853	VII	766111	766938	+	828	23	15	21	13	50	54	23	15	29	25	7	4	23	15	29	25
Interval_855	VII	771958	772236	+	279	7	10	9	7	27	32	7	10	18	14	0	2	7	10	18	14
Interval_856	VII	774250	774819	+	570	28	19	23	16	54	60	28	19	32	29	5	5	28	19	32	29
Interval_858	VII	785256	786046	+	791	34	22	34	23	76	80	34	22	43	37	11	10	34	22	43	37
Interval_860	VII	788156	788819	+	664	31	20	25	18	40	50	31	20	20	31	17	8	31	20	20	31
Interval_867	VII	809466	811482	+	2017	39	25	35	23	113	123	39	26	54	69	20	18	39	26	54	69
Interval_868	VII	823454	823893	+	440	8	10	10	10	18	18	8	10	9	9	3	2	8	10	9	9
Interval_873	VII	847917	849527	+	1611	14	13	13	12	38	40	14	13	19	21	7	12	14	13	19	21
Interval_875	VII	856414	858120	+	1707	55	37	54	30	97	113	56	37	60	53	12	20	56	37	60	53
Interval_881	VII	882416	884478	+	2063	64	81	56	69	88	98	64	81	51	48	22	13	64	81	51	48
Interval_883	VII	894183	894945	+	763	9	7	8	5	28	33	9	7	20	13	6	12	9	7	20	13
Interval_884	VII	904697	906213	+	1517	80	48	76	42	130	147	80	48	76	72	21	9	80	48	76	72
Interval_885	VII	913184	915314	+	2131	28	11	24	12	56	56	30	13	28	30	17	25	30	13	28	30
Interval_886	VII	919722	920591	+	870	31	37	30	33	56	57	32	37	26	31	5	8	32	37	26	31
Interval_892	VII	951266	951904	+	639	5	7	6	7	29	32	5	7	17	15	2	4	5	7	17	15
Interval_894	VII	958483	959746	+	1264	16	24	16	23	34	37	16	24	17	20	8	8	16	24	17	20
Interval_897	VII	974220	974877	+	658	14	16	12	17	42	54	14	16	36	21	1	4	14	16	36	21
Interval_898	VII	976790	978270	+	1481	18	17	17	16	78	84	18	17	53	32	4	9	18	17	53	32
Interval_899	VII	986819	987923	+	1105	42	38	42	35	102	113	43	40	62	53	7	8	43	40	62	53
Interval_900	VII	993800	994263	+	464	4	6	4	5	24	26	4	6	13	13	3	4	4	6	13	13
Interval_902	VII	1000034	1001171	+	1138	41	47	38	44	90	101	41	48	50	53	7	8	41	48	50	53
Interval_906	VII	1025681	1027258	+	1578	32	20	29	20	54	57	32	20	36	21	16	18	32	20	36	21
Interval_907	VII	1050176	1050638	+	463	15	10	15	8	17	21	15	10	11	10	7	2	15	10	11	10
Interval_908	VII	1051881	1052655	+	775	12	14	12	12	27	31	12	14	16	15	6	9	12	14	16	15
Interval_909	VII	1061611	1062082	+	472	9	5	8	3	11	11	9	5	5	6	5	6	9	5	5	6
Interval_914	VII	1083574	1084551	+	978	66	61	58	47	59	66	67	62	34	33	12	10	67	62	34	33
Interval_915	VIII	0	419	+	420	41	34	23	17	13	21	47	39	11	13	1	3	47	39	11	13
Interval_916	VIII	4884	5498	+	615	17	24	13	19	32	35	17	24	25	10	7	6	17	24	25	10
Interval_919	VIII	16896	18568	+	1673	15	21	15	21	42	40	15	21	20	22	18	13	15	21	20	22
Interval_922	VIII	47999	48683	+	685	26	37	26	34	62	74	31	40	38	40	8	3	31	40	38	40
Interval_923	VIII	50575	50891	+	317	16	6	13	5	26	31	16	6	19	12	5	4	16	6	19	12
Interval_924	VIII	54367	56379	+	2013	57	32	53	29	96	103	57	32	55	48	25	18	57	32	55	48
Interval_929	VIII	98135	99151	+	1017	38	29	37	26	61	66	38	30	38	29	11	12	38	30	38	29
Interval_933	VIII	115063	116252	+	1190	18	14	15	12	29	32	21	15	16	16	10	12	21	15	16	16
Interval_934	VIII	121915	122805	+	891	36	56	32	53	79	88	36	58	52	36	4	5	36	58	52	36
Interval_936	VIII	125995	126405	+	411	25	19	24	17	45	50	26	20	29	22	0	6	26	20	29	22
Interval_940	VIII	143534	144091	+	558	15	7	12	7	21	22	15	7	13	9	6	3	15	7	13	9
Interval_942	VIII	148763	149187	+	425	16	24	15	21	35	38	17	24	23	16	3	2	17	24	23	16
Interval_943	VIII	150630	151611	+	982	12	14	11	12	58	67	12	14	30	37	11	7	12	14	30	37
Interval_945	VIII	174590	175450	+	861	12	8	11	7	70	81	13	8	47	35	5	10	13	8	47	35
Interval_950	VIII	189933	190489	+	557	15	11	15	11	35	41	15	11	21	20	5	10	15	11	21	20
Interval_953	VIII	205925	207518	+	1594	5	6	4	5	40	42	5	6	17	25	16	12	5	6	17	25
Interval_958	VIII	235800	236682	+	883	35	31	31	28	94	100	35	31	53	48	9	6	35	31	53	48
Interval_961	VIII	266873	267995	+	1123	11	11	9	11	47	56	12	11	27	29	16	7	12	11	27	29
Interval_964	VIII	280163	281462	+	1300	16	12	16	11	127	137	16	13	69	69	8	12	16	13	69	69
Interval_966	VIII	289805	294202	+	4398	45	49	45	48	165	170	48	50	80	92	35	33	48	50	80	92
Interval_967	VIII	296734	297259	+	526	22	13	20	12	44	45	22	13	30	15	4	7	22	13	30	15
Interval_968	VIII	298549	299183	+	635	7	1	7	1	40	44	7	1	19	29	5	4	7	1	19	29
Interval_976	VIII	374460	375591	+	1132	31	17	25	16	60	63	32	17	30	34	9	12	32	17	30	34
Interval_980	VIII	382746	383719	+	974	34	29	32	27	45	50	35	29	27	24	13	11	35	29	27	24
Interval_989	VIII	422397	423875	+	1479	21	15	20	15	54	60	21	15	30	31	8	8	21	15	30	31
Interval_993	VIII	450495	453437	+	2943	74	96	68	89	94	97	75	96	47	51	30	22	75	96	47	51
Interval_994	VIII	455593	456085	+	493	11	10	8	10	32	37	11	10	22	15	2	2	11	10	22	15
Interval_1002	VIII	498359	499016	+	658	14	6	14	5	27	27	14	6	9	18	1	9	14	6	9	18
Interval_1003	VIII	505515	506116	+	602	26	21	24	19	39	43	26	21	22	22	8	7	26	21	22	22
Interval_1008	VIII	540742	541138	+	397	7	8	7	5	22	28	7	8	16	12	1	2	7	8	16	12
Interval_1010	VIII	556196	557048	+	853	40	47	39	39	54	56	52	75	37	32	11	11	52	75	37	32
Interval_1014	X	36176	37779	+	1604	13	11	13	9	87	90	14	11	45	45	24	15	14	11	45	45
Interval_1016	X	60191	60767	+	577	13	5	12	4	28	29	13	5	19	13	5	6	13	5	19	13
Interval_1019	X	74268	75887	+	1620	25	35	25	35	57	63	26	36	37	28	15	13	26	36	37	28
Interval_1020	X	79439	80125	+	687	12	11	12	10	18	24	12	11	16	10	8	8	12	11	16	10
Interval_1021	X	82391	83966	+	1576	24	15	23	15	33	34	24	15	13	21	8	15	24	15	13	21
Interval_1022	X	89970	90716	+	747	39	25	35	25	58	63	39	27	39	25	3	3	39	27	39	25
Interval_1027	X	111299	111901	+	603	3	3	3	2	21	24	3	3	12	13	5	5	3	3	12	13
Interval_1028	X	115622	116604	+	983	35	19	31	17	40	46	35	19	25	21	7	8	35	19	25	21
Interval_1029	X	119579	121694	+	2116	44	56	42	54	56	57	46	60	28	32	17	19	46	60	28	32
Interval_1030	X	122790	123742	+	953	23	24	21	24	53	59	24	25	21	39	7	9	24	25	21	39
Interval_1031	X	135606	137307	+	1702	28	21	26	22	58	55	30	23	31	31	15	12	30	23	31	31
Interval_1034	X	146141	147770	+	1630	10	7	10	6	43	41	10	7	16	26	7	10	10	7	16	26
Interval_1036	X	157317	158056	+	740	18	29	18	28	47	48	18	29	29	19	4	6	18	29	29	19
Interval_1037	X	159636	160408	+	773	43	23	42	24	67	67	44	24	32	38	3	8	44	24	32	38
Interval_1038	X	173155	173546	+	392	10	10	7	9	27	30	11	10	20	15	5	2	11	10	20	15
Interval_1043	X	194964	196148	+	1185	23	33	22	31	50	51	25	33	29	24	7	12	25	33	29	24
Interval_1045	X	220221	220803	+	583	23	22	20	21	70	76	23	22	38	38	6	2	23	22	38	38
Interval_1046	X	223768	224431	+	664	14	17	13	17	30	35	14	17	24	12	7	12	14	17	24	12
Interval_1047	X	227805	228663	+	859	10	19	10	14	20	20	10	19	9	12	4	5	10	19	9	12
Interval_1049	X	236261	237173	+	913	11	11	11	11	42	50	11	11	26	24	16	7	11	11	26	24
Interval_1051	X	256870	257316	+	447	7	6	7	5	18	22	7	6	14	8	4	4	7	6	14	8
Interval_1054	X	268399	268846	+	448	7	6	6	6	37	34	7	6	16	23	1	2	7	6	16	23
Interval_1057	X	294194	295305	+	1112	47	39	45	40	95	108	48	39	54	54	12	10	48	39	54	54
Interval_1061	X	337271	338116	+	846	15	16	15	14	43	50	15	16	24	26	6	9	15	16	24	26
Interval_1064	X	355386	355919	+	534	12	9	8	6	28	33	12	9	16	18	1	3	12	9	16	18
Interval_1065	X	360483	361608	+	1126	19	13	19	12	67	76	19	13	46	30	17	11	19	13	46	30
Interval_1066	X	373994	374599	+	606	13	14	12	12	18	23	13	14	9	14	8	2	13	14	9	14
Interval_1067	X	378389	378809	+	421	12	8	10	8	19	21	12	8	15	6	3	8	12	8	15	6
Interval_1070	X	391023	392259	+	1237	42	41	35	38	98	104	42	41	53	51	19	13	42	41	53	51
Interval_1079	X	424176	425000	+	825	20	19	18	16	31	34	21	19	16	19	4	7	21	19	16	19
Interval_1083	X	453667	456013	+	2347	47	50	43	48	66	67	47	51	37	32	24	15	47	51	37	32
Interval_1089	X	521460	522073	+	614	15	12	16	10	31	33	15	12	18	15	7	6	15	12	18	15
Interval_1091	X	525043	526979	+	1937	18	24	21	26	36	39	24	26	20	24	14	18	24	26	20	24
Interval_1097	X	545080	545753	+	674	22	12	18	10	42	44	22	12	23	22	17	5	22	12	23	22
Interval_1103	X	578133	579181	+	1049	8	9	7	10	50	53	8	9	22	31	13	7	8	9	22	31
Interval_1110	X	607965	608318	+	354	10	10	7	10	14	15	10	10	7	8	1	2	10	10	7	8
Interval_1111	X	609000	609354	+	355	12	6	11	6	32	36	12	6	12	24	5	2	12	6	12	24
Interval_1114	X	622081	623835	+	1755	39	21	35	21	65	75	39	21	48	29	20	9	39	21	48	29
Interval_1117	X	638558	640652	+	2095	60	27	60	32	109	107	65	35	66	53	15	17	65	35	66	53
Interval_1118	X	646525	647391	+	867	34	27	35	23	57	60	34	27	32	29	7	13	34	27	32	29
Interval_1120	X	651150	651809	+	660	25	18	22	16	42	47	25	18	31	17	3	10	25	18	31	17
Interval_1121	X	662831	663847	+	1017	54	31	49	26	101	110	54	32	60	52	9	7	54	32	60	52
Interval_1125	X	702564	704240	+	1677	71	73	68	67	87	100	71	74	53	48	11	13	71	74	53	48
Interval_1126	X	705154	705609	+	456	16	7	14	7	29	34	16	7	23	12	2	5	16	7	23	12
Interval_1129	X	745026	745739	+	714	42	38	23	27	18	27	43	40	15	14	13	11	43	40	15	14
Interval_1130	XI	0	788	+	789	64	55	52	53	50	53	69	60	26	28	10	2	69	60	26	28
Interval_1134	XI	38115	39426	+	1312	20	14	19	14	48	51	20	14	29	22	13	20	20	14	29	22
Interval_1139	XI	67561	71247	+	3687	78	68	73	68	179	187	81	69	106	87	27	22	81	69	106	87
Interval_1140	XI	73934	74789	+	856	10	8	10	7	11	12	10	8	3	10	4	4	10	8	3	10
Interval_1142	XI	80451	80972	+	522	14	10	12	8	22	23	15	11	9	14	3	7	15	11	9	14
Interval_1145	XI	93430	93959	+	530	18	14	18	13	42	42	18	14	20	23	4	4	18	14	20	23
Interval_1147	XI	99304	100157	+	854	59	46	57	43	93	105	59	46	52	55	11	8	59	46	52	55
Interval_1149	XI	108793	109249	+	457	8	10	8	9	25	29	8	10	11	18	1	5	8	10	11	18
Interval_1157	XI	142904	143597	+	694	9	9	8	8	34	36	9	9	17	19	4	8	9	9	17	19
Interval_1158	XI	146851	147330	+	480	9	11	10	8	25	27	9	11	15	12	3	8	9	11	15	12
Interval_1162	XI	162790	165286	+	2497	41	48	40	46	51	55	41	48	26	29	27	23	41	48	26	29
Interval_1163	XI	165917	166422	+	506	6	11	6	10	43	52	6	11	25	28	3	7	6	11	25	28
Interval_1164	XI	171379	172323	+	945	13	7	14	9	24	28	17	7	19	14	4	15	17	7	19	14
Interval_1165	XI	173477	174444	+	968	3	6	3	6	24	26	3	6	11	15	4	4	3	6	11	15
Interval_1169	XI	202979	203494	+	516	15	11	15	11	30	33	15	12	16	18	4	3	15	12	16	18
Interval_1174	XI	216683	217255	+	573	17	9	15	10	40	46	17	9	27	23	1	9	17	9	27	23
Interval_1175	XI	219691	220210	+	520	14	11	13	10	13	14	14	11	4	10	5	4	14	11	4	10
Interval_1177	XI	230078	231755	+	1678	49	44	48	41	106	111	49	44	55	56	7	21	49	44	55	56
Interval_1178	XI	247834	248552	+	719	10	11	10	11	42	41	10	11	25	18	5	4	10	11	25	18
Interval_1179	XI	258394	259177	+	784	41	32	36	33	77	81	42	32	42	40	6	4	42	32	42	40
Interval_1180	XI	259853	261671	+	1819	31	21	31	21	96	108	31	22	58	52	15	19	31	22	58	52
Interval_1181	XI	277911	278964	+	1054	14	16	13	15	68	77	14	16	34	46	5	7	14	16	34	46
Interval_1187	XI	308055	309111	+	1057	33	25	29	22	49	55	33	25	25	30	11	14	33	25	25	30
Interval_1189	XI	321659	322979	+	1321	31	24	33	23	92	108	33	24	65	44	5	7	33	24	65	44
Interval_1190	XI	325778	328473	+	2696	46	59	46	60	76	81	47	60	39	44	23	21	47	60	39	44
Interval_1192	XI	338881	341098	+	2218	26	30	25	26	74	77	26	31	32	46	16	20	26	31	32	46
Interval_1194	XI	355212	356333	+	1122	46	40	45	42	75	79	46	41	40	40	6	5	46	41	40	40
Interval_1195	XI	361981	362524	+	544	8	4	8	4	28	31	8	4	19	13	4	7	8	4	19	13
Interval_1196	XI	368881	369722	+	842	7	4	8	4	79	84	7	4	46	43	8	7	7	4	46	43
Interval_1199	XI	381868	383555	+	1688	47	31	44	32	112	119	47	31	65	55	17	16	47	31	65	55
Interval_1200	XI	384954	385854	+	901	25	21	22	20	48	54	31	22	31	25	4	6	31	22	31	25
Interval_1205	XI	408146	408600	+	455	12	10	10	7	20	23	12	10	10	13	7	5	12	10	10	13
Interval_1207	XI	431271	431850	+	580	17	28	17	23	43	46	17	28	24	23	5	3	17	28	24	23
Interval_1208	XI	439366	440047	+	682	13	10	11	8	24	25	13	10	9	17	5	8	13	10	9	17
Interval_1212	XI	462757	463883	+	1127	21	20	20	17	48	50	22	21	33	21	14	4	22	21	33	21
Interval_1219	XI	513154	514676	+	1523	37	25	33	21	57	59	37	25	30	30	15	9	37	25	30	30
Interval_1220	XI	517434	519314	+	1881	71	66	62	64	84	92	73	70	46	47	18	10	73	70	46	47
Interval_1223	XI	535176	535925	+	750	7	10	7	10	24	25	7	10	13	12	6	10	7	10	13	12
Interval_1229	XI	571021	571421	+	401	8	7	8	7	14	14	8	7	8	6	2	3	8	7	8	6
Interval_1230	XI	578310	579345	+	1036	20	19	16	17	17	21	21	19	10	11	10	11	21	19	10	11
Interval_1231	XI	580941	582094	+	1154	33	13	32	13	40	36	36	13	23	15	7	6	36	13	23	15
Interval_1232	XI	589454	590303	+	850	25	8	23	7	38	45	25	8	19	27	5	3	25	8	19	27
Interval_1234	XI	614082	615532	+	1451	33	25	31	22	105	121	34	25	64	58	8	9	34	25	64	58
Interval_1237	XI	630331	630903	+	573	17	15	15	13	25	31	17	15	16	15	6	3	17	15	16	15
Interval_1239	XI	665993	666816	+	824	56	82	53	68	52	56	60	103	32	28	11	7	60	103	32	28
Interval_1240	XII	0	304	+	305	42	31	21	20	20	28	47	32	16	14	2	6	47	32	16	14
Interval_1241	XII	5528	5980	+	453	24	34	16	22	16	22	32	53	18	13	3	3	32	53	18	13
Interval_1242	XII	11010	11863	+	854	39	42	28	30	30	37	51	71	23	23	19	8	51	71	23	23
Interval_1244	XII	21975	23539	+	1565	9	17	8	17	27	32	9	17	17	16	10	11	9	17	17	16
Interval_1246	XII	36707	37117	+	411	11	7	9	8	13	13	11	8	3	10	2	3	11	8	3	10
Interval_1248	XII	48610	49858	+	1249	13	14	12	16	31	32	14	16	18	16	8	12	14	16	18	16
Interval_1249	XII	53866	54954	+	1089	6	8	5	7	35	38	6	8	25	13	7	9	6	8	25	13
Interval_1251	XII	65298	65907	+	610	13	5	13	4	34	35	13	5	13	23	2	2	13	5	13	23
Interval_1254	XII	83463	84623	+	1161	38	18	34	16	65	71	38	18	39	33	10	7	38	18	39	33
Interval_1260	XII	108071	109570	+	1500	13	15	13	14	57	61	13	15	27	34	13	9	13	15	27	34
Interval_1262	XII	130809	131569	+	761	12	10	11	10	24	20	12	10	9	13	12	9	12	10	9	13
Interval_1266	XII	187250	187958	+	709	13	21	12	20	47	51	13	22	28	24	6	4	13	22	28	24
Interval_1273	XII	232243	235195	+	2953	55	72	55	70	71	76	55	73	32	44	35	30	55	73	32	44
Interval_1275	XII	241725	242182	+	458	15	7	13	8	24	28	15	7	12	17	3	3	15	7	12	17
Interval_1276	XII	252993	253808	+	816	32	14	30	12	70	71	34	14	41	30	10	8	34	14	41	30
Interval_1277	XII	259588	260427	+	840	20	11	17	10	22	22	20	11	12	11	10	9	20	11	12	11
Interval_1287	XII	368310	371357	+	3048	128	140	119	133	195	205	128	140	100	110	32	23	128	140	100	110
Interval_1289	XII	388424	389213	+	790	14	7	13	8	47	51	14	8	28	24	9	7	14	8	28	24
Interval_1290	XII	390468	391053	+	586	12	9	10	7	27	30	12	9	14	16	3	6	12	9	14	16
Interval_1295	XII	416764	417419	+	656	18	11	16	11	21	22	18	11	6	16	10	15	18	11	6	16
Interval_1296	XII	423436	424935	+	1500	76	61	70	59	105	113	77	62	58	59	17	9	77	62	58	59
Interval_1297	XII	439622	441209	+	1588	18	13	16	13	32	31	18	13	10	21	14	14	18	13	10	21
Interval_1298	XII	444837	445199	+	363	9	6	9	6	19	21	9	6	10	11	2	3	9	6	10	11
Interval_1299	XII	448480	451073	+	2594	28	51	29	50	69	69	29	53	32	37	16	13	29	53	32	37
Interval_1300	XII	459513	461053	+	1541	1422	2390	487	573	910	2956	1640	2774	1545	1840	360	379	1640	2774	1545	1840
Interval_1302	XII	489372	491136	+	1765	80	56	67	47	89	111	81	56	54	58	11	6	81	56	54	58
Interval_1308	XII	504026	504806	+	781	10	9	9	10	29	32	10	10	20	12	8	12	10	10	20	12
Interval_1309	XII	510275	511051	+	777	9	6	9	6	34	41	9	6	21	20	6	5	9	6	21	20
Interval_1310	XII	513496	515127	+	1632	17	11	17	12	40	44	17	13	31	18	13	8	17	13	31	18
Interval_1311	XII	521965	522677	+	713	19	23	18	21	49	53	20	23	24	30	3	5	20	23	24	30
Interval_1317	XII	553345	554477	+	1133	16	10	16	10	44	51	16	10	26	25	11	19	16	10	26	25
Interval_1324	XII	602519	604029	+	1511	18	11	17	11	50	50	18	11	30	22	11	7	18	11	30	22
Interval_1325	XII	605036	605618	+	583	19	10	16	7	22	30	19	10	15	15	5	4	19	10	15	15
Interval_1326	XII	611516	612130	+	615	14	8	14	8	21	26	14	9	17	9	5	3	14	9	17	9
Interval_1327	XII	628266	628599	+	334	10	7	7	7	15	20	10	7	14	6	2	5	10	7	14	6
Interval_1331	XII	645194	646206	+	1013	27	18	26	17	77	85	28	19	42	46	7	14	28	19	42	46
Interval_1332	XII	650880	651276	+	397	7	8	4	2	8	21	7	8	11	10	0	3	7	8	11	10
Interval_1333	XII	657768	658666	+	899	23	30	23	24	67	70	23	30	26	45	8	9	23	30	26	45
Interval_1334	XII	660064	660555	+	492	7	6	6	5	45	51	7	6	27	24	3	6	7	6	27	24
Interval_1335	XII	664938	665642	+	705	20	8	18	8	26	29	20	8	13	16	5	7	20	8	13	16
Interval_1341	XII	704012	705077	+	1066	33	22	35	19	86	95	35	24	61	43	8	7	35	24	61	43
Interval_1342	XII	707129	707487	+	359	1	1	1	0	10	14	1	1	7	7	2	2	1	1	7	7
Interval_1343	XII	710444	710956	+	513	9	10	8	9	18	22	9	10	10	12	7	4	9	10	10	12
Interval_1346	XII	722466	723774	+	1309	32	23	30	21	45	44	33	24	21	24	3	6	33	24	21	24
Interval_1348	XII	727801	729260	+	1460	33	33	30	31	78	91	34	34	50	41	12	12	34	34	50	41
Interval_1350	XII	737185	738244	+	1060	10	12	10	12	39	44	10	12	23	21	8	4	10	12	23	21
Interval_1351	XII	758615	759756	+	1142	23	5	24	6	68	77	23	6	37	41	13	7	23	6	37	41
Interval_1354	XII	783488	784794	+	1307	45	15	39	12	88	94	47	15	53	41	7	10	47	15	53	41
Interval_1359	XII	796366	797396	+	1031	38	30	31	29	47	49	38	30	19	32	3	11	38	30	19	32
Interval_1360	XII	805171	805697	+	527	13	10	11	10	18	21	13	10	9	13	0	7	13	10	9	13
Interval_1361	XII	808822	809572	+	751	44	29	40	27	58	65	44	29	30	35	5	4	44	29	30	35
Interval_1362	XII	818520	819356	+	837	28	16	27	15	50	54	28	17	27	28	5	2	28	17	27	28
Interval_1364	XII	826707	828698	+	1992	54	33	50	28	80	83	54	33	46	37	28	19	54	33	46	37
Interval_1365	XII	830437	830863	+	427	10	9	10	8	13	12	10	9	10	2	3	7	10	9	10	2
Interval_1367	XII	837497	840152	+	2656	63	55	60	53	79	81	63	55	46	35	23	20	63	55	46	35
Interval_1372	XII	871374	872300	+	927	10	7	10	7	37	42	10	7	23	19	8	7	10	7	23	19
Interval_1373	XII	875153	875547	+	395	24	12	20	11	22	25	24	12	14	11	3	0	24	12	14	11
Interval_1374	XII	877383	878154	+	772	20	24	17	22	63	67	20	24	29	38	6	7	20	24	29	38
Interval_1376	XII	902818	904142	+	1325	16	14	15	13	31	30	16	14	11	19	13	11	16	14	11	19
Interval_1378	XII	921497	922588	+	1092	43	24	40	22	72	73	43	25	43	30	3	11	43	25	43	30
Interval_1379	XII	924520	925259	+	740	36	33	32	24	45	47	37	33	28	20	10	6	37	33	28	20
Interval_1380	XII	930713	932953	+	2241	49	49	48	46	70	78	49	49	46	32	19	13	49	49	46	32
Interval_1382	XII	949418	950988	+	1571	37	35	34	31	61	67	37	36	29	38	12	10	37	36	29	38
Interval_1383	XII	954085	955434	+	1350	21	8	19	8	96	107	21	8	58	49	9	11	21	8	58	49
Interval_1386	XII	1001924	1003145	+	1222	12	13	10	13	20	23	12	13	11	12	7	7	12	13	11	12
Interval_1387	XII	1011394	1012626	+	1233	27	19	27	17	61	63	29	20	44	23	16	9	29	20	44	23
Interval_1389	XII	1018884	1019422	+	539	15	11	13	12	20	21	15	12	9	14	5	1	15	12	9	14
Interval_1390	XII	1028057	1028912	+	856	52	44	46	38	57	71	52	44	43	28	11	9	52	44	43	28
Interval_1394	XII	1064261	1065458	+	1198	88	82	65	71	71	100	103	103	53	59	13	10	103	103	53	59
Interval_1395	XII	1071477	1071936	+	460	23	23	7	9	17	43	27	27	29	24	3	3	27	27	29	24
Interval_1396	XIII	5364	5713	+	350	12	15	7	8	12	19	14	17	10	9	5	0	14	17	10	9
Interval_1400	XIII	24850	26828	+	1979	42	43	35	44	40	40	42	47	11	29	15	17	42	47	11	29
Interval_1401	XIII	29245	30425	+	1181	18	14	19	14	33	34	18	14	17	17	9	5	18	14	17	17
Interval_1405	XIII	67692	68405	+	714	13	8	13	8	29	29	13	8	17	13	10	10	13	8	17	13
Interval_1406	XIII	69583	70593	+	1011	38	28	36	27	86	96	39	28	55	42	11	8	39	28	55	42
Interval_1410	XIII	91019	92196	+	1178	24	18	23	16	56	59	24	18	32	27	6	10	24	18	32	27
Interval_1412	XIII	101311	101805	+	495	14	8	13	7	34	34	14	8	17	18	3	7	14	8	17	18
Interval_1414	XIII	119038	119705	+	668	8	15	8	12	43	45	8	15	22	24	7	5	8	15	22	24
Interval_1415	XIII	124166	124596	+	431	17	17	16	15	28	31	17	17	14	18	2	6	17	17	14	18
Interval_1419	XIII	145797	146494	+	698	19	22	20	17	44	43	20	22	18	27	4	5	20	22	18	27
Interval_1420	XIII	158811	160215	+	1405	21	10	18	10	40	44	21	11	26	18	11	9	21	11	26	18
Interval_1422	XIII	169831	170318	+	488	31	19	26	19	48	55	31	19	27	28	8	6	31	19	27	28
Interval_1425	XIII	192079	192524	+	446	5	3	5	3	17	19	5	3	9	10	3	0	5	3	9	10
Interval_1426	XIII	195825	196409	+	585	11	11	7	11	12	15	11	11	5	10	1	5	11	11	5	10
Interval_1428	XIII	219818	221484	+	1667	33	15	30	14	67	74	33	15	38	36	18	13	33	15	38	36
Interval_1429	XIII	223880	224259	+	380	17	10	17	9	27	31	17	10	12	19	2	4	17	10	12	19
Interval_1430	XIII	225451	225888	+	438	22	17	16	17	41	47	23	17	19	30	3	3	23	17	19	30
Interval_1435	XIII	253097	253783	+	687	19	17	18	18	57	66	19	17	30	36	7	7	19	17	30	36
Interval_1439	XIII	271492	272238	+	747	23	31	20	26	47	51	23	31	27	24	3	7	23	31	27	24
Interval_1441	XIII	279717	280164	+	448	12	9	11	9	18	19	12	10	9	10	3	1	12	10	9	10
Interval_1442	XIII	282803	283470	+	668	11	5	8	5	54	63	12	5	38	25	9	10	12	5	38	25
Interval_1443	XIII	287287	287849	+	563	25	16	25	15	40	47	25	16	30	17	4	3	25	16	30	17
Interval_1445	XIII	296738	297068	+	331	10	9	10	9	18	18	10	9	9	9	1	1	10	9	9	9
Interval_1447	XIII	302505	303165	+	661	12	20	10	16	36	40	12	20	24	17	6	6	12	20	24	17
Interval_1448	XIII	306021	307019	+	999	43	44	40	41	92	107	43	44	58	49	15	10	43	44	58	49
Interval_1457	XIII	346987	347963	+	977	25	12	20	13	76	80	25	12	42	38	8	11	25	12	42	38
Interval_1458	XIII	349296	350260	+	965	17	10	16	9	38	42	17	10	22	21	6	7	17	10	22	21
Interval_1459	XIII	352293	353554	+	1262	41	35	39	33	102	117	42	35	50	71	12	13	42	35	50	71
Interval_1461	XIII	361673	363284	+	1612	24	25	15	17	28	33	24	25	14	19	9	13	24	25	14	19
Interval_1463	XIII	379085	379485	+	401	15	11	14	9	18	25	15	11	13	12	6	2	15	11	13	12
Interval_1464	XIII	387824	388715	+	892	34	32	31	32	74	76	34	33	34	44	8	8	34	33	34	44
Interval_1467	XIII	407631	408884	+	1254	63	59	58	55	141	153	63	59	76	78	15	15	63	59	76	78
Interval_1472	XIII	431445	431991	+	547	10	4	9	3	42	45	10	4	30	15	4	6	10	4	30	15
Interval_1473	XIII	433366	434728	+	1363	34	31	30	28	95	101	35	31	49	54	12	7	35	31	49	54
Interval_1477	XIII	463114	463677	+	564	10	9	9	9	8	8	10	9	5	3	7	3	10	9	5	3
Interval_1479	XIII	472541	473409	+	869	20	27	18	25	52	53	20	27	26	28	7	9	20	27	26	28
Interval_1480	XIII	477319	478902	+	1584	9	4	9	5	76	80	9	5	37	43	20	15	9	5	37	43
Interval_1481	XIII	480470	480917	+	448	8	9	7	8	3	4	8	9	2	2	4	3	8	9	2	2
Interval_1485	XIII	510279	511954	+	1676	48	35	47	35	88	98	49	35	44	55	19	11	49	35	44	55
Interval_1488	XIII	540107	540911	+	805	46	28	41	23	97	111	47	28	68	46	7	7	47	28	68	46
Interval_1490	XIII	551103	551924	+	822	52	43	47	39	72	83	52	43	39	44	7	7	52	43	39	44
Interval_1492	XIII	556742	557425	+	684	28	37	22	33	60	68	28	37	43	27	7	7	28	37	43	27
Interval_1500	XIII	600855	601805	+	951	6	6	5	6	48	51	6	6	27	26	9	10	6	6	27	26
Interval_1510	XIII	652032	654127	+	2096	74	29	67	28	140	149	75	30	80	69	14	11	75	30	80	69
Interval_1511	XIII	661533	662279	+	747	31	13	27	14	70	75	31	13	45	31	8	9	31	13	45	31
Interval_1513	XIII	674992	675569	+	578	24	17	22	15	44	49	24	18	24	26	6	5	24	18	24	26
Interval_1520	XIII	751267	751835	+	569	12	7	13	7	31	33	14	7	20	13	7	3	14	7	20	13
Interval_1521	XIII	754169	754640	+	472	20	5	16	5	34	39	20	5	20	19	1	4	20	5	20	19
Interval_1522	XIII	758291	759479	+	1189	39	31	39	29	56	60	39	32	28	32	12	12	39	32	28	32
Interval_1526	XIII	773010	775844	+	2835	46	27	43	26	202	211	46	28	104	109	21	17	46	28	104	109
Interval_1527	XIII	777241	777902	+	662	13	12	12	11	27	27	13	12	14	13	6	3	13	12	14	13
Interval_1529	XIII	797907	798374	+	468	23	15	22	14	39	47	23	15	27	22	6	1	23	15	27	22
Interval_1530	XIII	807956	809031	+	1076	14	8	13	9	14	16	14	9	9	7	6	6	14	9	9	7
Interval_1537	XIII	851616	852531	+	916	17	11	18	12	56	56	21	12	35	22	7	4	21	12	35	22
Interval_1538	XIII	861000	861968	+	969	23	18	22	18	56	55	25	20	24	33	5	7	25	20	24	33
Interval_1541	XIII	872541	873107	+	567	13	8	13	8	33	34	13	8	16	18	2	6	13	8	16	18
Interval_1543	XIII	880416	880989	+	574	15	17	13	17	32	34	15	17	18	16	4	1	15	17	18	16
Interval_1544	XIII	886354	886914	+	561	16	7	17	6	28	33	17	8	16	17	2	4	17	8	16	17
Interval_1547	XIII	901204	901659	+	456	9	6	11	5	22	25	10	6	11	14	3	3	10	6	11	14
Interval_1549	XIII	903947	904846	+	900	10	15	10	13	17	17	10	15	11	6	3	6	10	15	11	6
Interval_1551	XIII	914759	915761	+	1003	36	37	30	37	53	55	37	38	30	25	5	4	37	38	30	25
Interval_1552	XIII	923374	924422	+	1049	87	63	70	57	58	62	89	71	27	36	8	8	89	71	27	36
Interval_1553	XIV	6558	7336	+	779	59	50	50	50	40	39	73	62	29	29	17	4	73	62	29	29
Interval_1561	XIV	57561	58243	+	683	18	11	18	9	20	21	18	11	8	13	11	5	18	11	8	13
Interval_1562	XIV	59800	60207	+	408	9	3	9	3	28	31	10	3	17	14	4	8	10	3	17	14
Interval_1563	XIV	62922	63680	+	759	24	23	21	22	43	51	24	23	22	30	4	3	24	23	22	30
Interval_1565	XIV	68465	68906	+	442	10	8	8	8	23	27	10	8	11	16	1	3	10	8	11	16
Interval_1567	XIV	87048	87700	+	653	15	14	12	14	33	35	15	14	19	16	7	4	15	14	19	16
Interval_1568	XIV	88939	90156	+	1218	22	24	21	22	30	33	23	24	20	14	8	10	23	24	20	14
Interval_1571	XIV	104139	104942	+	804	12	13	11	12	16	15	12	13	5	10	8	9	12	13	5	10
Interval_1573	XIV	110237	110825	+	589	9	11	9	9	19	24	10	11	11	13	3	5	10	11	11	13
Interval_1575	XIV	116307	117067	+	761	11	13	10	13	27	28	11	14	16	13	8	5	11	14	16	13
Interval_1577	XIV	137891	138506	+	616	18	9	15	7	31	32	18	9	15	17	3	7	18	9	15	17
Interval_1581	XIV	187414	188029	+	616	11	8	11	5	10	10	11	8	8	3	7	5	11	8	8	3
Interval_1582	XIV	197986	199104	+	1119	35	25	38	24	82	76	37	25	41	41	11	9	37	25	41	41
Interval_1586	XIV	217300	217751	+	452	16	6	16	6	38	39	16	6	17	23	7	2	16	6	17	23
Interval_1587	XIV	233773	234091	+	319	8	9	8	7	12	15	8	9	4	11	6	3	8	9	4	11
Interval_1591	XIV	273808	274372	+	565	1	1	1	1	37	41	2	1	27	14	5	5	2	1	27	14
Interval_1592	XIV	275786	276296	+	511	4	9	4	9	33	35	4	9	14	21	2	6	4	9	14	21
Interval_1594	XIV	281426	282058	+	633	25	14	24	15	41	44	27	15	28	18	4	4	27	15	28	18
Interval_1598	XIV	301058	302574	+	1517	37	23	35	22	83	93	37	23	42	51	9	12	37	23	42	51
Interval_1601	XIV	330871	331336	+	466	26	18	24	15	50	56	27	19	28	28	4	6	27	19	28	28
Interval_1603	XIV	335785	336250	+	466	9	5	9	4	46	51	9	5	25	27	3	4	9	5	25	27
Interval_1605	XIV	339379	340432	+	1054	11	2	10	1	36	39	11	2	15	24	9	10	11	2	15	24
Interval_1608	XIV	349740	350768	+	1029	52	26	46	24	90	105	52	26	41	67	22	13	52	26	41	67
Interval_1611	XIV	355208	355997	+	790	38	30	31	25	65	81	39	30	42	39	3	12	39	30	42	39
Interval_1614	XIV	373334	375186	+	1853	34	18	32	17	57	57	34	18	23	34	16	20	34	18	23	34
Interval_1617	XIV	405625	406041	+	417	16	14	15	13	35	35	16	14	15	21	3	5	16	14	15	21
Interval_1619	XIV	415584	416625	+	1042	12	19	12	17	9	8	12	19	4	4	7	6	12	19	4	4
Interval_1622	XIV	426912	427679	+	768	32	25	28	25	73	81	32	25	42	39	7	10	32	25	42	39
Interval_1624	XIV	440681	441300	+	620	24	17	23	14	67	74	25	17	31	43	6	12	25	17	31	43
Interval_1631	XIV	478101	480052	+	1952	27	18	23	17	43	46	27	18	22	25	13	16	27	18	22	25
Interval_1634	XIV	490962	491566	+	605	7	6	6	5	35	36	7	6	17	20	7	5	7	6	17	20
Interval_1635	XIV	494613	495489	+	877	21	22	19	20	46	49	21	22	27	25	4	7	21	22	27	25
Interval_1636	XIV	498624	501292	+	2669	41	24	42	22	68	72	43	24	29	45	24	18	43	24	29	45
Interval_1637	XIV	502786	503537	+	752	19	14	18	15	56	57	21	18	22	42	4	2	21	18	22	42
Interval_1638	XIV	507303	507704	+	402	9	7	7	7	19	23	9	7	12	11	0	3	9	7	12	11
Interval_1644	XIV	546635	547851	+	1217	21	15	20	14	34	36	22	15	18	19	12	6	22	15	18	19
Interval_1647	XIV	558988	560859	+	1872	47	38	46	39	103	112	47	40	57	55	16	22	47	40	57	55
Interval_1648	XIV	567296	568442	+	1147	13	21	11	13	17	25	13	21	12	14	4	7	13	21	12	14
Interval_1649	XIV	569299	570145	+	847	24	18	23	16	29	32	25	18	15	18	8	7	25	18	15	18
Interval_1650	XIV	576063	577023	+	961	26	25	25	23	51	52	26	25	22	30	7	8	26	25	22	30
Interval_1651	XIV	578681	579200	+	520	11	3	9	3	24	30	11	3	15	15	7	1	11	3	15	15
Interval_1652	XIV	586366	587820	+	1455	23	13	24	13	32	34	23	13	15	20	8	10	23	13	15	20
Interval_1653	XIV	602134	602754	+	621	17	10	15	9	20	25	17	10	14	11	10	6	17	10	14	11
Interval_1654	XIV	604660	605504	+	845	9	13	9	11	40	43	9	13	26	17	3	8	9	13	26	17
Interval_1659	XIV	631327	632815	+	1489	17	30	16	29	32	33	17	31	11	23	11	11	17	31	11	23
Interval_1662	XIV	651796	652434	+	639	18	12	15	10	64	67	19	12	33	37	5	5	19	12	33	37
Interval_1664	XIV	661865	665455	+	3591	75	74	76	66	140	144	76	76	74	74	29	23	76	76	74	74
Interval_1670	XIV	707277	708610	+	1334	18	15	17	14	33	36	18	15	16	20	17	15	18	15	16	20
Interval_1674	XIV	736043	736968	+	926	7	5	7	5	22	23	7	5	12	11	10	5	7	5	12	11
Interval_1675	XIV	738971	739773	+	803	20	17	17	16	51	59	20	17	37	22	6	13	20	17	37	22
Interval_1680	XIV	783383	784308	+	926	44	39	35	37	32	43	48	55	25	19	27	9	48	55	25	19
Interval_1681	XV	0	903	+	904	73	70	63	61	61	64	80	79	27	41	11	6	80	79	27	41
Interval_1684	XV	21084	21846	+	763	11	12	10	13	22	22	13	14	8	18	5	3	13	14	8	18
Interval_1685	XV	27483	28109	+	627	19	24	14	14	13	17	20	25	7	10	4	4	20	25	7	10
Interval_1689	XV	43381	43831	+	451	3	3	3	1	18	20	3	3	14	6	4	3	3	3	14	6
Interval_1692	XV	55062	55813	+	752	18	8	16	6	46	48	18	8	20	28	5	9	18	8	20	28
Interval_1696	XV	69024	70317	+	1294	27	17	24	16	38	40	27	17	19	22	11	11	27	17	19	22
Interval_1697	XV	79851	80278	+	428	26	11	21	11	41	45	26	11	22	23	3	2	26	11	22	23
Interval_1698	XV	81392	83685	+	2294	49	45	44	43	91	92	49	45	39	54	10	22	49	45	39	54
Interval_1699	XV	92918	93582	+	665	17	14	16	14	32	37	17	14	14	24	5	8	17	14	14	24
Interval_1700	XV	94298	94759	+	462	14	10	15	8	27	26	16	11	10	18	2	3	16	11	10	18
Interval_1702	XV	108969	110455	+	1487	113	69	104	66	156	169	113	69	78	91	9	17	113	69	78	91
Interval_1704	XV	117581	118171	+	591	9	13	3	10	16	28	9	13	15	13	5	5	9	13	15	13
Interval_1705	XV	127948	128892	+	945	18	14	16	13	27	31	18	14	17	14	5	7	18	14	17	14
Interval_1707	XV	158704	162158	+	3455	105	113	99	103	135	146	105	114	81	66	35	30	105	114	81	66
Interval_1708	XV	167963	168700	+	738	18	18	17	16	24	26	18	18	11	15	2	8	18	18	11	15
Interval_1712	XV	216108	216885	+	778	35	30	33	27	68	74	36	30	38	38	11	9	36	30	38	38
Interval_1713	XV	218362	219162	+	801	12	17	11	13	41	45	12	17	23	24	5	3	12	17	23	24
Interval_1716	XV	231921	235083	+	3163	35	31	36	30	114	119	39	31	52	68	29	25	39	31	52	68
Interval_1718	XV	253632	254236	+	605	28	30	26	29	60	69	29	31	37	34	3	11	29	31	37	34
Interval_1722	XV	273712	274893	+	1182	22	21	16	19	55	63	22	21	35	29	11	10	22	21	35	29
Interval_1723	XV	285448	286041	+	594	11	11	8	10	40	48	11	11	22	26	5	2	11	11	22	26
Interval_1724	XV	288181	288728	+	548	22	14	19	12	31	33	22	14	16	17	7	12	22	14	16	17
Interval_1728	XV	304118	305198	+	1081	37	20	34	17	87	94	39	20	49	46	12	15	39	20	49	46
Interval_1730	XV	315899	316837	+	939	29	18	28	17	40	39	29	18	20	20	15	6	29	18	20	20
Interval_1737	XV	377560	378241	+	682	12	11	11	8	43	50	12	11	24	26	8	14	12	11	24	26
Interval_1738	XV	382974	383419	+	446	5	2	5	2	23	29	5	2	13	16	5	2	5	2	13	16
Interval_1739	XV	384720	385566	+	847	10	9	12	9	54	60	12	9	27	34	5	7	12	9	27	34
Interval_1740	XV	391292	392059	+	768	20	8	19	7	56	60	20	8	25	35	6	5	20	8	25	35
Interval_1744	XV	424100	424717	+	618	20	14	19	13	66	77	20	14	45	32	3	3	20	14	45	32
Interval_1749	XV	443308	444494	+	1187	28	23	27	22	74	82	29	24	44	40	3	12	29	24	44	40
Interval_1752	XV	461532	462942	+	1411	26	15	25	12	79	88	26	15	44	46	11	8	26	15	44	46
Interval_1755	XV	471678	472724	+	1047	18	10	15	10	33	37	18	10	19	18	9	8	18	10	19	18
Interval_1756	XV	479393	482093	+	2701	26	14	24	14	91	104	26	14	56	48	36	34	26	14	56	48
Interval_1757	XV	487003	487946	+	944	28	18	25	16	38	43	28	18	18	25	11	9	28	18	18	25
Interval_1759	XV	494014	494928	+	915	39	17	34	19	78	83	39	18	42	41	9	10	39	18	42	41
Interval_1760	XV	504598	505860	+	1263	35	38	32	34	63	72	35	38	36	36	9	7	35	38	36	36
Interval_1761	XV	511296	511777	+	482	23	14	21	11	45	53	25	14	29	24	2	5	25	14	29	24
Interval_1762	XV	514145	515128	+	984	17	14	15	12	55	57	18	15	29	30	7	9	18	15	29	30
Interval_1763	XV	520395	520975	+	581	16	15	14	15	44	49	16	15	35	16	5	9	16	15	35	16
Interval_1770	XV	579450	580095	+	646	9	5	9	4	21	23	9	5	10	13	4	6	9	5	10	13
Interval_1774	XV	605899	606606	+	708	10	5	8	5	30	33	10	5	12	21	5	5	10	5	12	21
Interval_1777	XV	618538	619957	+	1420	52	22	43	22	84	94	52	23	51	43	12	11	52	23	51	43
Interval_1780	XV	638644	639700	+	1057	31	18	31	18	100	106	31	18	59	48	8	15	31	18	59	48
Interval_1781	XV	648530	649300	+	771	9	8	9	6	14	19	9	8	11	8	5	7	9	8	11	8
Interval_1786	XV	670829	671449	+	621	21	13	21	13	60	68	22	13	35	34	4	7	22	13	35	34
Interval_1788	XV	678877	679290	+	414	15	11	15	10	42	45	16	11	27	19	1	6	16	11	27	19
Interval_1789	XV	682173	683913	+	1741	22	18	21	18	64	73	22	18	45	29	9	16	22	18	45	29
Interval_1792	XV	700843	701921	+	1079	5	4	4	4	44	50	5	4	20	30	10	6	5	4	20	30
Interval_1795	XV	742157	742813	+	657	18	21	17	19	36	41	18	21	23	19	5	4	18	21	23	19
Interval_1799	XV	761468	762701	+	1234	24	21	21	21	67	70	24	23	37	33	9	6	24	23	37	33
Interval_1800	XV	769698	770660	+	963	27	16	25	17	51	56	28	16	36	24	5	8	28	16	36	24
Interval_1802	XV	779438	780954	+	1517	46	54	47	51	84	96	47	56	49	47	10	18	47	56	49	47
Interval_1805	XV	796893	797399	+	507	14	6	13	5	43	52	14	6	23	30	6	4	14	6	23	30
Interval_1809	XV	825168	826580	+	1413	30	19	29	19	69	77	30	19	42	36	7	9	30	19	42	36
Interval_1810	XV	831961	832796	+	836	21	26	18	22	27	31	21	27	14	17	6	9	21	27	14	17
Interval_1812	XV	836528	837355	+	828	31	21	26	21	62	70	31	21	32	38	7	6	31	21	32	38
Interval_1816	XV	865974	867172	+	1199	32	33	28	27	54	58	32	33	28	30	5	9	32	33	28	30
Interval_1817	XV	877755	878286	+	532	31	16	26	15	41	47	31	16	27	22	7	3	31	16	27	22
Interval_1819	XV	881874	882550	+	677	34	27	33	27	66	73	34	27	35	39	3	3	34	27	35	39
Interval_1822	XV	901218	901656	+	439	17	21	14	19	34	39	17	21	20	19	4	6	17	21	20	19
Interval_1823	XV	903793	904470	+	678	26	25	24	26	33	35	27	25	17	19	9	3	27	25	17	19
Interval_1824	XV	907807	909187	+	1381	36	29	38	26	96	102	38	30	57	49	6	9	38	30	57	49
Interval_1825	XV	911798	912927	+	1130	40	23	39	22	57	63	41	23	31	33	10	10	41	23	31	33
Interval_1828	XV	931154	931873	+	720	11	14	11	14	43	48	11	14	25	23	7	4	11	14	25	23
Interval_1833	XV	967916	968642	+	727	16	14	15	14	48	55	17	16	32	25	4	7	17	16	32	25
Interval_1834	XV	978369	979819	+	1451	104	73	87	64	167	189	105	73	94	95	11	11	105	73	94	95
Interval_1836	XV	987283	989663	+	2381	147	93	130	92	271	293	147	95	164	131	26	16	147	95	164	131
Interval_1837	XV	1003138	1004506	+	1369	17	17	14	16	36	37	18	17	14	25	6	10	18	17	14	25
Interval_1839	XV	1009623	1010928	+	1306	13	7	16	6	36	41	13	7	21	21	7	16	13	7	21	21
Interval_1840	XV	1017723	1019467	+	1745	7	9	7	9	39	40	7	10	26	14	6	11	7	10	26	14
Interval_1845	XV	1042727	1044626	+	1900	33	19	33	16	54	55	33	19	25	30	22	22	33	19	25	30
Interval_1852	XVI	6541	6915	+	375	10	8	6	4	5	12	10	8	7	5	2	0	10	8	7	5
Interval_1854	XVI	22106	22854	+	749	12	16	10	14	21	22	12	16	8	14	6	5	12	16	8	14
Interval_1856	XVI	29526	30423	+	898	8	10	8	10	27	27	8	10	10	17	4	9	8	10	10	17
Interval_1857	XVI	40186	40997	+	812	31	23	29	20	69	78	31	23	50	31	3	8	31	23	50	31
Interval_1859	XVI	55887	56521	+	635	18	22	16	15	33	36	18	22	15	21	4	5	18	22	15	21
Interval_1860	XVI	66822	67812	+	991	20	15	18	14	42	48	20	15	25	23	10	9	20	15	25	23
Interval_1861	XVI	74572	75606	+	1035	60	48	53	45	68	73	60	48	38	35	13	11	60	48	38	35
Interval_1862	XVI	76268	76707	+	440	28	22	22	20	38	51	28	22	22	29	12	3	28	22	22	29
Interval_1865	XVI	95229	95486	+	258	7	9	6	8	7	7	7	9	4	3	2	2	7	9	4	3
Interval_1869	XVI	105540	107085	+	1546	29	17	29	15	47	49	29	17	21	28	14	17	29	17	21	28
Interval_1872	XVI	114193	115708	+	1516	22	17	21	17	109	115	22	18	56	60	11	7	22	18	56	60
Interval_1874	XVI	129744	130178	+	435	3	0	3	0	24	33	3	0	15	18	4	4	3	0	15	18
Interval_1875	XVI	132074	133129	+	1056	19	16	18	16	64	75	20	16	45	31	5	2	20	16	45	31
Interval_1879	XVI	163676	164056	+	381	4	9	4	8	19	22	4	9	10	12	5	1	4	9	10	12
Interval_1880	XVI	172690	173155	+	466	9	8	9	7	19	25	9	8	12	13	7	4	9	8	12	13
Interval_1883	XVI	187938	189115	+	1178	14	9	14	9	28	33	15	9	13	20	8	12	15	9	13	20
Interval_1889	XVI	214204	215681	+	1478	73	70	69	62	149	164	73	72	90	77	6	11	73	72	90	77
Interval_1890	XVI	227420	228135	+	716	16	12	14	12	33	39	16	12	19	20	2	5	16	12	19	20
Interval_1892	XVI	256944	257476	+	533	19	7	18	6	33	35	19	7	19	16	3	2	19	7	19	16
Interval_1895	XVI	264410	264973	+	564	3	2	3	2	29	33	3	2	20	13	6	8	3	2	20	13
Interval_1896	XVI	280035	280498	+	464	17	4	17	4	29	31	17	4	12	19	3	7	17	4	12	19
Interval_1897	XVI	281511	282090	+	580	31	16	29	16	50	52	31	17	28	26	1	8	31	17	28	26
Interval_1900	XVI	296485	297432	+	948	23	14	20	14	59	61	23	16	27	34	13	11	23	16	27	34
Interval_1906	XVI	328957	329292	+	336	7	7	8	7	5	8	7	7	2	6	0	4	7	7	2	6
Interval_1907	XVI	338795	340953	+	2159	66	37	60	35	145	149	66	37	78	71	22	27	66	37	78	71
Interval_1911	XVI	370482	371024	+	543	9	6	8	6	23	27	9	7	13	14	6	4	9	7	13	14
Interval_1913	XVI	378367	378896	+	530	20	17	20	15	36	39	21	17	25	14	6	9	21	17	25	14
Interval_1915	XVI	404186	404698	+	513	17	12	17	12	35	37	17	12	18	20	5	4	17	12	18	20
Interval_1916	XVI	406113	406642	+	530	23	22	20	18	36	40	24	22	18	22	5	9	24	22	18	22
Interval_1918	XVI	411569	412180	+	612	11	10	10	8	29	30	11	10	15	15	4	9	11	10	15	15
Interval_1919	XVI	425050	426205	+	1156	46	36	45	35	97	116	49	39	62	57	12	14	49	39	62	57
Interval_1920	XVI	431436	432828	+	1393	49	35	45	36	159	171	49	35	85	86	12	8	49	35	85	86
Interval_1922	XVI	450812	451450	+	639	19	14	19	13	47	53	19	15	30	23	5	9	19	15	30	23
Interval_1923	XVI	453293	454041	+	749	25	10	22	10	56	63	26	10	28	35	2	5	26	10	28	35
Interval_1924	XVI	454961	455379	+	419	15	10	11	8	42	46	15	10	31	15	3	8	15	10	31	15
Interval_1932	XVI	497579	498040	+	462	5	11	6	7	39	43	5	11	20	23	4	3	5	11	20	23
Interval_1933	XVI	502314	503333	+	1020	48	30	39	30	118	127	50	31	61	71	6	10	50	31	61	71
Interval_1935	XVI	519829	520708	+	880	19	12	17	11	46	47	20	12	25	23	9	14	20	12	25	23
Interval_1936	XVI	526667	527645	+	979	6	10	6	10	69	72	6	10	36	36	5	5	6	10	36	36
Interval_1938	XVI	551772	552232	+	461	2	4	2	4	30	32	2	4	17	15	5	6	2	4	17	15
Interval_1940	XVI	572247	572705	+	459	11	11	10	9	19	23	11	11	9	14	2	2	11	11	9	14
Interval_1941	XVI	581437	582426	+	990	17	16	17	14	21	24	17	16	9	15	8	6	17	16	9	15
Interval_1943	XVI	586024	587551	+	1528	31	27	31	24	60	66	33	27	35	34	8	16	33	27	35	34
Interval_1951	XVI	626974	627781	+	808	14	6	13	6	35	37	14	6	18	19	6	8	14	6	18	19
Interval_1952	XVI	641144	641921	+	778	43	38	42	36	95	123	45	38	61	64	6	11	45	38	61	64
Interval_1953	XVI	644991	647603	+	2613	57	28	53	28	173	182	59	29	109	78	14	23	59	29	109	78
Interval_1954	XVI	653543	654129	+	587	19	7	18	6	29	34	21	7	19	16	4	10	21	7	19	16
Interval_1960	XVI	678439	679464	+	1026	43	33	39	29	101	108	43	33	53	56	5	10	43	33	53	56
Interval_1962	XVI	689506	689902	+	397	16	8	15	9	18	21	16	8	7	14	6	6	16	8	7	14
Interval_1963	XVI	694681	695772	+	1092	26	13	23	13	49	50	26	14	17	34	8	10	26	14	17	34
Interval_1965	XVI	699983	700462	+	480	17	25	16	20	26	31	20	25	12	20	2	1	20	25	12	20
Interval_1970	XVI	731779	732276	+	498	10	18	9	15	29	35	10	18	10	25	4	6	10	18	10	25
Interval_1973	XVI	744035	745221	+	1187	11	8	10	8	23	25	11	8	8	17	8	7	11	8	8	17
Interval_1977	XVI	770621	771116	+	496	18	13	15	14	21	22	18	13	8	14	4	1	18	13	8	14
Interval_1978	XVI	775352	776083	+	732	19	13	16	13	26	29	19	13	16	14	4	7	19	13	16	14
Interval_1980	XVI	785633	785941	+	309	7	9	5	8	10	9	7	9	3	7	3	7	7	9	3	7
Interval_1984	XVI	794524	794976	+	453	26	17	22	11	42	49	26	17	28	21	3	0	26	17	28	21
Interval_1985	XVI	812545	813098	+	554	15	16	15	13	29	31	15	16	15	16	6	5	15	16	15	16
Interval_1986	XVI	821562	822734	+	1173	35	25	31	23	64	76	38	25	37	40	5	16	38	25	37	40
Interval_1988	XVI	828315	829601	+	1287	38	27	36	26	120	126	38	27	60	69	7	15	38	27	60	69
Interval_1990	XVI	840166	841546	+	1381	34	18	31	18	62	64	35	21	29	39	14	17	35	21	29	39
Interval_1991	XVI	855729	857298	+	1570	42	22	32	9	37	61	44	22	31	31	6	7	44	22	31	31
Interval_1992	XVI	860148	860890	+	743	22	8	19	8	55	65	23	8	40	25	6	8	23	8	40	25
Interval_2000	XVI	899854	901978	+	2125	31	15	32	16	66	75	31	15	35	40	16	16	31	15	35	40
Interval_2002	XVI	920789	921539	+	751	11	4	11	4	35	40	11	4	17	23	5	4	11	4	17	23
Interval_2003	XVI	927625	929013	+	1389	38	31	38	28	65	68	38	32	21	47	10	9	38	32	21	47
Interval_2005	XVI	941820	942926	+	1107	22	24	13	18	28	37	22	26	18	19	4	7	22	26	18	19
